Year,Units,Area of Spending Category,Value
1998,Percentage (%) of national budget,,54.56
1999,Percentage (%) of national budget,,55.31
2000,Percentage (%) of national budget,,55.13
2001,Percentage (%) of national budget,,55.03
2002,Percentage (%) of national budget,,57.54
2003,Percentage (%) of national budget,,58.53
2004,Percentage (%) of national budget,,59.02
2005,Percentage (%) of national budget,,60.13
2006,Percentage (%) of national budget,,58.61
2007,Percentage (%) of national budget,,57.71
2008,Percentage (%) of national budget,,43.71
2009,Percentage (%) of national budget,,55.1
2010,Percentage (%) of national budget,,53.0
2011,Percentage (%) of national budget,,57.36
2012,Percentage (%) of national budget,,56.46
2013,Percentage (%) of national budget,,57.09
2014,Percentage (%) of national budget,,55.84
2015,Percentage (%) of national budget,,56.84
2016,Percentage (%) of national budget,,52.49
2017,Percentage (%) of national budget,,57.37
2018,Percentage (%) of national budget,,56.67
2019,Percentage (%) of national budget,,59.16
1998,Percentage (%) of national budget,Health,18.13
1999,Percentage (%) of national budget,Health,19.57
2000,Percentage (%) of national budget,Health,18.99
2001,Percentage (%) of national budget,Health,18.47
2002,Percentage (%) of national budget,Health,19.35
2003,Percentage (%) of national budget,Health,19.21
2004,Percentage (%) of national budget,Health,19.07
2005,Percentage (%) of national budget,Health,19.03
2006,Percentage (%) of national budget,Health,18.9
2007,Percentage (%) of national budget,Health,18.53
2008,Percentage (%) of national budget,Health,13.72
2009,Percentage (%) of national budget,Health,16.26
2010,Percentage (%) of national budget,Health,15.2
2011,Percentage (%) of national budget,Health,15.98
2012,Percentage (%) of national budget,Health,16.25
2013,Percentage (%) of national budget,Health,16.81
2014,Percentage (%) of national budget,Health,16.61
2015,Percentage (%) of national budget,Health,17.37
2016,Percentage (%) of national budget,Health,16.54
2017,Percentage (%) of national budget,Health,17.47
2018,Percentage (%) of national budget,Health,17.61
2019,Percentage (%) of national budget,Health,17.93
1998,Percentage (%) of national budget,Social Protection,18.58
1999,Percentage (%) of national budget,Social Protection,17.99
2000,Percentage (%) of national budget,Social Protection,18.21
2001,Percentage (%) of national budget,Social Protection,18.37
2002,Percentage (%) of national budget,Social Protection,19.46
2003,Percentage (%) of national budget,Social Protection,21.17
2004,Percentage (%) of national budget,Social Protection,21.31
2005,Percentage (%) of national budget,Social Protection,21.32
2006,Percentage (%) of national budget,Social Protection,19.77
2007,Percentage (%) of national budget,Social Protection,19.98
2008,Percentage (%) of national budget,Social Protection,15.43
2009,Percentage (%) of national budget,Social Protection,22.06
2010,Percentage (%) of national budget,Social Protection,21.63
2011,Percentage (%) of national budget,Social Protection,24.35
2012,Percentage (%) of national budget,Social Protection,23.37
2013,Percentage (%) of national budget,Social Protection,23.15
2014,Percentage (%) of national budget,Social Protection,22.43
2015,Percentage (%) of national budget,Social Protection,22.1
2016,Percentage (%) of national budget,Social Protection,20.11
2017,Percentage (%) of national budget,Social Protection,22.51
2018,Percentage (%) of national budget,Social Protection,23.07
2019,Percentage (%) of national budget,Social Protection,25.09
1998,Percentage (%) of national budget,Education,17.85
1999,Percentage (%) of national budget,Education,17.75
2000,Percentage (%) of national budget,Education,17.93
2001,Percentage (%) of national budget,Education,18.19
2002,Percentage (%) of national budget,Education,18.73
2003,Percentage (%) of national budget,Education,18.15
2004,Percentage (%) of national budget,Education,18.64
2005,Percentage (%) of national budget,Education,19.78
2006,Percentage (%) of national budget,Education,19.94
2007,Percentage (%) of national budget,Education,19.2
2008,Percentage (%) of national budget,Education,14.56
2009,Percentage (%) of national budget,Education,16.78
2010,Percentage (%) of national budget,Education,16.17
2011,Percentage (%) of national budget,Education,17.03
2012,Percentage (%) of national budget,Education,16.84
2013,Percentage (%) of national budget,Education,17.13
2014,Percentage (%) of national budget,Education,16.8
2015,Percentage (%) of national budget,Education,17.37
2016,Percentage (%) of national budget,Education,15.84
2017,Percentage (%) of national budget,Education,17.39
2018,Percentage (%) of national budget,Education,15.99
2019,Percentage (%) of national budget,Education,16.14
1998,Percentage (%) of Gross Domestic Product (GDP),,22.18
1999,Percentage (%) of Gross Domestic Product (GDP),,22.88
2000,Percentage (%) of Gross Domestic Product (GDP),,22.59
2001,Percentage (%) of Gross Domestic Product (GDP),,22.85
2002,Percentage (%) of Gross Domestic Product (GDP),,24.64
2003,Percentage (%) of Gross Domestic Product (GDP),,25.93
2004,Percentage (%) of Gross Domestic Product (GDP),,25.14
2005,Percentage (%) of Gross Domestic Product (GDP),,24.84
2006,Percentage (%) of Gross Domestic Product (GDP),,23.87
2007,Percentage (%) of Gross Domestic Product (GDP),,23.42
2008,Percentage (%) of Gross Domestic Product (GDP),,23.83
2009,Percentage (%) of Gross Domestic Product (GDP),,26.11
2010,Percentage (%) of Gross Domestic Product (GDP),,25.33
2011,Percentage (%) of Gross Domestic Product (GDP),,25.37
2012,Percentage (%) of Gross Domestic Product (GDP),,24.74
2013,Percentage (%) of Gross Domestic Product (GDP),,24.21
2014,Percentage (%) of Gross Domestic Product (GDP),,24.47
2015,Percentage (%) of Gross Domestic Product (GDP),,23.59
2016,Percentage (%) of Gross Domestic Product (GDP),,23.26
2017,Percentage (%) of Gross Domestic Product (GDP),,24.83
2018,Percentage (%) of Gross Domestic Product (GDP),,24.93
2019,Percentage (%) of Gross Domestic Product (GDP),,25.7
1998,Percentage (%) of Gross Domestic Product (GDP),Health,7.37
1999,Percentage (%) of Gross Domestic Product (GDP),Health,8.1
2000,Percentage (%) of Gross Domestic Product (GDP),Health,7.78
2001,Percentage (%) of Gross Domestic Product (GDP),Health,7.67
2002,Percentage (%) of Gross Domestic Product (GDP),Health,8.29
2003,Percentage (%) of Gross Domestic Product (GDP),Health,8.51
2004,Percentage (%) of Gross Domestic Product (GDP),Health,8.12
2005,Percentage (%) of Gross Domestic Product (GDP),Health,7.86
2006,Percentage (%) of Gross Domestic Product (GDP),Health,7.7
2007,Percentage (%) of Gross Domestic Product (GDP),Health,7.52
2008,Percentage (%) of Gross Domestic Product (GDP),Health,7.48
2009,Percentage (%) of Gross Domestic Product (GDP),Health,7.71
2010,Percentage (%) of Gross Domestic Product (GDP),Health,7.27
2011,Percentage (%) of Gross Domestic Product (GDP),Health,7.07
2012,Percentage (%) of Gross Domestic Product (GDP),Health,7.12
2013,Percentage (%) of Gross Domestic Product (GDP),Health,7.13
2014,Percentage (%) of Gross Domestic Product (GDP),Health,7.28
2015,Percentage (%) of Gross Domestic Product (GDP),Health,7.21
2016,Percentage (%) of Gross Domestic Product (GDP),Health,7.33
2017,Percentage (%) of Gross Domestic Product (GDP),Health,7.56
2018,Percentage (%) of Gross Domestic Product (GDP),Health,7.75
2019,Percentage (%) of Gross Domestic Product (GDP),Health,7.79
1998,Percentage (%) of Gross Domestic Product (GDP),Social Protection,7.55
1999,Percentage (%) of Gross Domestic Product (GDP),Social Protection,7.44
2000,Percentage (%) of Gross Domestic Product (GDP),Social Protection,7.46
2001,Percentage (%) of Gross Domestic Product (GDP),Social Protection,7.63
2002,Percentage (%) of Gross Domestic Product (GDP),Social Protection,8.33
2003,Percentage (%) of Gross Domestic Product (GDP),Social Protection,9.38
2004,Percentage (%) of Gross Domestic Product (GDP),Social Protection,9.08
2005,Percentage (%) of Gross Domestic Product (GDP),Social Protection,8.81
2006,Percentage (%) of Gross Domestic Product (GDP),Social Protection,8.05
2007,Percentage (%) of Gross Domestic Product (GDP),Social Protection,8.11
2008,Percentage (%) of Gross Domestic Product (GDP),Social Protection,8.41
2009,Percentage (%) of Gross Domestic Product (GDP),Social Protection,10.45
2010,Percentage (%) of Gross Domestic Product (GDP),Social Protection,10.33
2011,Percentage (%) of Gross Domestic Product (GDP),Social Protection,10.77
2012,Percentage (%) of Gross Domestic Product (GDP),Social Protection,10.24
2013,Percentage (%) of Gross Domestic Product (GDP),Social Protection,9.82
2014,Percentage (%) of Gross Domestic Product (GDP),Social Protection,9.83
2015,Percentage (%) of Gross Domestic Product (GDP),Social Protection,9.17
2016,Percentage (%) of Gross Domestic Product (GDP),Social Protection,8.91
2017,Percentage (%) of Gross Domestic Product (GDP),Social Protection,9.74
2018,Percentage (%) of Gross Domestic Product (GDP),Social Protection,10.15
2019,Percentage (%) of Gross Domestic Product (GDP),Social Protection,10.9
1998,Percentage (%) of Gross Domestic Product (GDP),Education,7.26
1999,Percentage (%) of Gross Domestic Product (GDP),Education,7.34
2000,Percentage (%) of Gross Domestic Product (GDP),Education,7.35
2001,Percentage (%) of Gross Domestic Product (GDP),Education,7.55
2002,Percentage (%) of Gross Domestic Product (GDP),Education,8.02
2003,Percentage (%) of Gross Domestic Product (GDP),Education,8.04
2004,Percentage (%) of Gross Domestic Product (GDP),Education,7.94
2005,Percentage (%) of Gross Domestic Product (GDP),Education,8.17
2006,Percentage (%) of Gross Domestic Product (GDP),Education,8.12
2007,Percentage (%) of Gross Domestic Product (GDP),Education,7.79
2008,Percentage (%) of Gross Domestic Product (GDP),Education,7.94
2009,Percentage (%) of Gross Domestic Product (GDP),Education,7.95
2010,Percentage (%) of Gross Domestic Product (GDP),Education,7.73
2011,Percentage (%) of Gross Domestic Product (GDP),Education,7.53
2012,Percentage (%) of Gross Domestic Product (GDP),Education,7.38
2013,Percentage (%) of Gross Domestic Product (GDP),Education,7.26
2014,Percentage (%) of Gross Domestic Product (GDP),Education,7.36
2015,Percentage (%) of Gross Domestic Product (GDP),Education,7.21
2016,Percentage (%) of Gross Domestic Product (GDP),Education,7.02
2017,Percentage (%) of Gross Domestic Product (GDP),Education,7.53
2018,Percentage (%) of Gross Domestic Product (GDP),Education,7.03
2019,Percentage (%) of Gross Domestic Product (GDP),Education,7.01
