Year,Sex,Units,Type of skill,Value
2003,,Attainment at age 15,Math,85.0
2003,,Attainment at age 15,Reading,81.5
2003,Female,Attainment at age 15,Math,88.5
2003,Female,Attainment at age 15,Reading,90.5
2003,Male,Attainment at age 15,Math,81.7
2003,Male,Attainment at age 15,Reading,73.1
2006,,Attainment at age 15,Reading,79.5
2006,,Attainment at age 15,Math,83.2
2006,Female,Attainment at age 15,Reading,87.5
2006,Female,Attainment at age 15,Math,84.7
2006,Male,Attainment at age 15,Reading,71.1
2006,Male,Attainment at age 15,Math,81.7
2009,,Attainment at age 15,Reading,83.2
2009,,Attainment at age 15,Math,83.1
2009,Female,Attainment at age 15,Reading,90.1
2009,Female,Attainment at age 15,Math,84.0
2009,Male,Attainment at age 15,Reading,76.2
2009,Male,Attainment at age 15,Math,82.2
2012,,Attainment at age 15,Reading,79.0
2012,,Attainment at age 15,Math,78.5
2012,Female,Attainment at age 15,Reading,88.0
2012,Female,Attainment at age 15,Math,80.3
2012,Male,Attainment at age 15,Reading,70.2
2012,Male,Attainment at age 15,Math,76.8
2015,,Attainment at age 15,Reading,77.9
2015,,Attainment at age 15,Math,76.4
2015,Female,Attainment at age 15,Reading,84.3
2015,Female,Attainment at age 15,Math,77.2
2015,Male,Attainment at age 15,Reading,71.1
2015,Male,Attainment at age 15,Math,75.6
2018,,Attainment at age 15,Reading,73.6
2018,,Attainment at age 15,Math,80.0
2018,Female,Attainment at age 15,Reading,81.3
2018,Female,Attainment at age 15,Math,82.0
2018,Male,Attainment at age 15,Reading,65.6
2018,Male,Attainment at age 15,Math,77.0
