Year,Atvinnugrein,Uppspretta,Bókhald,Value
1990,,,UNFCCC - NIR,13005.38
1991,,,UNFCCC - NIR,12785.18
1992,,,UNFCCC - NIR,12686.19
1993,,,UNFCCC - NIR,12769.63
1994,,,UNFCCC - NIR,12668.01
1995,,,UNFCCC - NIR,12787.07
1996,,,UNFCCC - NIR,12833.28
1997,,,UNFCCC - NIR,13002.96
1998,,,UNFCCC - NIR,13168.11
1999,,,UNFCCC - NIR,13401.65
2000,,,UNFCCC - NIR,13424.62
2001,,,UNFCCC - NIR,13334.33
2002,,,UNFCCC - NIR,13429.08
2003,,,UNFCCC - NIR,13400.78
2004,,,UNFCCC - NIR,13508.0
2005,,,UNFCCC - NIR,13374.55
2006,,,UNFCCC - NIR,14028.66
2007,,,UNFCCC - NIR,14361.59
2008,,,UNFCCC - NIR,14767.32
2009,,,UNFCCC - NIR,14442.83
2010,,,UNFCCC - NIR,14316.77
2011,,,UNFCCC - NIR,14023.7
2012,,,UNFCCC - NIR,14033.88
2013,,,UNFCCC - NIR,14012.86
2014,,,UNFCCC - NIR,14025.14
2015,,,UNFCCC - NIR,14078.41
2016,,,UNFCCC - NIR,13985.21
2017,,,UNFCCC - NIR,14075.43
2018,,,UNFCCC - NIR,14280.12
2019,,,UNFCCC - NIR,14134.23
2020,,,UNFCCC - NIR,13941.84
2021,,,UNFCCC - NIR,14060.07
1990,,Orka,UNFCCC - NIR,1866.69
1991,,Orka,UNFCCC - NIR,1780.91
1992,,Orka,UNFCCC - NIR,1923.55
1993,,Orka,UNFCCC - NIR,2035.54
1994,,Orka,UNFCCC - NIR,1974.78
1995,,Orka,UNFCCC - NIR,2068.65
1996,,Orka,UNFCCC - NIR,2124.77
1997,,Orka,UNFCCC - NIR,2168.53
1998,,Orka,UNFCCC - NIR,2162.1
1999,,Orka,UNFCCC - NIR,2227.26
2000,,Orka,UNFCCC - NIR,2210.48
2001,,Orka,UNFCCC - NIR,2095.48
2002,,Orka,UNFCCC - NIR,2203.38
2003,,Orka,UNFCCC - NIR,2194.1
2004,,Orka,UNFCCC - NIR,2294.83
2005,,Orka,UNFCCC - NIR,2184.44
2006,,Orka,UNFCCC - NIR,2253.87
2007,,Orka,UNFCCC - NIR,2402.0
2008,,Orka,UNFCCC - NIR,2259.53
2009,,Orka,UNFCCC - NIR,2177.38
2010,,Orka,UNFCCC - NIR,2056.98
2011,,Orka,UNFCCC - NIR,1922.49
2012,,Orka,UNFCCC - NIR,1880.6
2013,,Orka,UNFCCC - NIR,1844.35
2014,,Orka,UNFCCC - NIR,1859.47
2015,,Orka,UNFCCC - NIR,1876.94
2016,,Orka,UNFCCC - NIR,1857.62
2017,,Orka,UNFCCC - NIR,1907.49
2018,,Orka,UNFCCC - NIR,1911.17
2019,,Orka,UNFCCC - NIR,1853.99
2020,,Orka,UNFCCC - NIR,1663.79
2021,,Orka,UNFCCC - NIR,1766.89
1990,,Iðnaðarferlar,UNFCCC - NIR,958.01
1991,,Iðnaðarferlar,UNFCCC - NIR,837.43
1992,,Iðnaðarferlar,UNFCCC - NIR,607.73
1993,,Iðnaðarferlar,UNFCCC - NIR,565.0
1994,,Iðnaðarferlar,UNFCCC - NIR,531.1
1995,,Iðnaðarferlar,UNFCCC - NIR,571.21
1996,,Iðnaðarferlar,UNFCCC - NIR,546.56
1997,,Iðnaðarferlar,UNFCCC - NIR,675.46
1998,,Iðnaðarferlar,UNFCCC - NIR,827.83
1999,,Iðnaðarferlar,UNFCCC - NIR,974.81
2000,,Iðnaðarferlar,UNFCCC - NIR,1008.56
2001,,Iðnaðarferlar,UNFCCC - NIR,1011.78
2002,,Iðnaðarferlar,UNFCCC - NIR,987.92
2003,,Iðnaðarferlar,UNFCCC - NIR,984.86
2004,,Iðnaðarferlar,UNFCCC - NIR,986.03
2005,,Iðnaðarferlar,UNFCCC - NIR,964.69
2006,,Iðnaðarferlar,UNFCCC - NIR,1436.0
2007,,Iðnaðarferlar,UNFCCC - NIR,1577.52
2008,,Iðnaðarferlar,UNFCCC - NIR,2108.7
2009,,Iðnaðarferlar,UNFCCC - NIR,1917.66
2010,,Iðnaðarferlar,UNFCCC - NIR,1951.13
2011,,Iðnaðarferlar,UNFCCC - NIR,1845.72
2012,,Iðnaðarferlar,UNFCCC - NIR,1937.49
2013,,Iðnaðarferlar,UNFCCC - NIR,1962.75
2014,,Iðnaðarferlar,UNFCCC - NIR,1941.85
2015,,Iðnaðarferlar,UNFCCC - NIR,2023.0
2016,,Iðnaðarferlar,UNFCCC - NIR,1973.99
2017,,Iðnaðarferlar,UNFCCC - NIR,2039.34
2018,,Iðnaðarferlar,UNFCCC - NIR,2041.27
2019,,Iðnaðarferlar,UNFCCC - NIR,2007.33
2020,,Iðnaðarferlar,UNFCCC - NIR,1974.61
2021,,Iðnaðarferlar,UNFCCC - NIR,2006.8
1990,,Landbúnaður,UNFCCC - NIR,592.68
1991,,Landbúnaður,UNFCCC - NIR,576.01
1992,,Landbúnaður,UNFCCC - NIR,559.55
1993,,Landbúnaður,UNFCCC - NIR,562.66
1994,,Landbúnaður,UNFCCC - NIR,568.15
1995,,Landbúnaður,UNFCCC - NIR,547.61
1996,,Landbúnaður,UNFCCC - NIR,560.24
1997,,Landbúnaður,UNFCCC - NIR,553.44
1998,,Landbúnaður,UNFCCC - NIR,563.52
1999,,Landbúnaður,UNFCCC - NIR,568.06
2000,,Landbúnaður,UNFCCC - NIR,551.75
2001,,Landbúnaður,UNFCCC - NIR,551.82
2002,,Landbúnaður,UNFCCC - NIR,535.21
2003,,Landbúnaður,UNFCCC - NIR,525.09
2004,,Landbúnaður,UNFCCC - NIR,515.88
2005,,Landbúnaður,UNFCCC - NIR,518.75
2006,,Landbúnaður,UNFCCC - NIR,542.9
2007,,Landbúnaður,UNFCCC - NIR,559.56
2008,,Landbúnaður,UNFCCC - NIR,572.13
2009,,Landbúnaður,UNFCCC - NIR,556.98
2010,,Landbúnaður,UNFCCC - NIR,545.73
2011,,Landbúnaður,UNFCCC - NIR,545.73
2012,,Landbúnaður,UNFCCC - NIR,545.06
2013,,Landbúnaður,UNFCCC - NIR,539.68
2014,,Landbúnaður,UNFCCC - NIR,583.3
2015,,Landbúnaður,UNFCCC - NIR,570.52
2016,,Landbúnaður,UNFCCC - NIR,571.14
2017,,Landbúnaður,UNFCCC - NIR,578.19
2018,,Landbúnaður,UNFCCC - NIR,637.77
2019,,Landbúnaður,UNFCCC - NIR,621.47
2020,,Landbúnaður,UNFCCC - NIR,617.01
2021,,Landbúnaður,UNFCCC - NIR,620.07
1990,,"Landnotkun, breyting á landnotkun og skógrækt",UNFCCC - NIR,9407.11
1991,,"Landnotkun, breyting á landnotkun og skógrækt",UNFCCC - NIR,9403.53
1992,,"Landnotkun, breyting á landnotkun og skógrækt",UNFCCC - NIR,9392.23
1993,,"Landnotkun, breyting á landnotkun og skógrækt",UNFCCC - NIR,9391.45
1994,,"Landnotkun, breyting á landnotkun og skógrækt",UNFCCC - NIR,9367.13
1995,,"Landnotkun, breyting á landnotkun og skógrækt",UNFCCC - NIR,9360.9
1996,,"Landnotkun, breyting á landnotkun og skógrækt",UNFCCC - NIR,9358.96
1997,,"Landnotkun, breyting á landnotkun og skógrækt",UNFCCC - NIR,9358.19
1998,,"Landnotkun, breyting á landnotkun og skógrækt",UNFCCC - NIR,9361.14
1999,,"Landnotkun, breyting á landnotkun og skógrækt",UNFCCC - NIR,9371.13
2000,,"Landnotkun, breyting á landnotkun og skógrækt",UNFCCC - NIR,9386.94
2001,,"Landnotkun, breyting á landnotkun og skógrækt",UNFCCC - NIR,9399.03
2002,,"Landnotkun, breyting á landnotkun og skógrækt",UNFCCC - NIR,9423.18
2003,,"Landnotkun, breyting á landnotkun og skógrækt",UNFCCC - NIR,9416.56
2004,,"Landnotkun, breyting á landnotkun og skógrækt",UNFCCC - NIR,9419.73
2005,,"Landnotkun, breyting á landnotkun og skógrækt",UNFCCC - NIR,9427.24
2006,,"Landnotkun, breyting á landnotkun og skógrækt",UNFCCC - NIR,9481.01
2007,,"Landnotkun, breyting á landnotkun og skógrækt",UNFCCC - NIR,9508.38
2008,,"Landnotkun, breyting á landnotkun og skógrækt",UNFCCC - NIR,9525.93
2009,,"Landnotkun, breyting á landnotkun og skógrækt",UNFCCC - NIR,9499.8
2010,,"Landnotkun, breyting á landnotkun og skógrækt",UNFCCC - NIR,9471.94
2011,,"Landnotkun, breyting á landnotkun og skógrækt",UNFCCC - NIR,9442.06
2012,,"Landnotkun, breyting á landnotkun og skógrækt",UNFCCC - NIR,9432.07
2013,,"Landnotkun, breyting á landnotkun og skógrækt",UNFCCC - NIR,9414.14
2014,,"Landnotkun, breyting á landnotkun og skógrækt",UNFCCC - NIR,9390.65
2015,,"Landnotkun, breyting á landnotkun og skógrækt",UNFCCC - NIR,9363.32
2016,,"Landnotkun, breyting á landnotkun og skógrækt",UNFCCC - NIR,9345.3
2017,,"Landnotkun, breyting á landnotkun og skógrækt",UNFCCC - NIR,9320.78
2018,,"Landnotkun, breyting á landnotkun og skógrækt",UNFCCC - NIR,9409.71
2019,,"Landnotkun, breyting á landnotkun og skógrækt",UNFCCC - NIR,9410.33
2020,,"Landnotkun, breyting á landnotkun og skógrækt",UNFCCC - NIR,9420.78
2021,,"Landnotkun, breyting á landnotkun og skógrækt",UNFCCC - NIR,9397.83
1990,,Úrgangur,UNFCCC - NIR,180.89
1991,,Úrgangur,UNFCCC - NIR,187.3
1992,,Úrgangur,UNFCCC - NIR,203.12
1993,,Úrgangur,UNFCCC - NIR,215.0
1994,,Úrgangur,UNFCCC - NIR,226.85
1995,,Úrgangur,UNFCCC - NIR,238.7
1996,,Úrgangur,UNFCCC - NIR,242.74
1997,,Úrgangur,UNFCCC - NIR,247.33
1998,,Úrgangur,UNFCCC - NIR,253.51
1999,,Úrgangur,UNFCCC - NIR,260.39
2000,,Úrgangur,UNFCCC - NIR,266.89
2001,,Úrgangur,UNFCCC - NIR,276.21
2002,,Úrgangur,UNFCCC - NIR,279.39
2003,,Úrgangur,UNFCCC - NIR,280.18
2004,,Úrgangur,UNFCCC - NIR,291.53
2005,,Úrgangur,UNFCCC - NIR,279.44
2006,,Úrgangur,UNFCCC - NIR,314.88
2007,,Úrgangur,UNFCCC - NIR,314.13
2008,,Úrgangur,UNFCCC - NIR,301.04
2009,,Úrgangur,UNFCCC - NIR,291.01
2010,,Úrgangur,UNFCCC - NIR,290.99
2011,,Úrgangur,UNFCCC - NIR,267.7
2012,,Úrgangur,UNFCCC - NIR,238.67
2013,,Úrgangur,UNFCCC - NIR,251.93
2014,,Úrgangur,UNFCCC - NIR,249.88
2015,,Úrgangur,UNFCCC - NIR,244.64
2016,,Úrgangur,UNFCCC - NIR,237.16
2017,,Úrgangur,UNFCCC - NIR,229.62
2018,,Úrgangur,UNFCCC - NIR,280.2
2019,,Úrgangur,UNFCCC - NIR,241.11
2020,,Úrgangur,UNFCCC - NIR,265.65
2021,,Úrgangur,UNFCCC - NIR,268.48
1995,,,Eurostat - AEA,3722.04
1996,,,Eurostat - AEA,3974.23
1997,,,Eurostat - AEA,4173.86
1998,,,Eurostat - AEA,4335.22
1999,,,Eurostat - AEA,4670.35
2000,,,Eurostat - AEA,4755.38
2001,,,Eurostat - AEA,4566.99
2002,,,Eurostat - AEA,4573.43
2003,,,Eurostat - AEA,4789.4
2004,,,Eurostat - AEA,4856.84
2005,,,Eurostat - AEA,4808.74
2006,,,Eurostat - AEA,5403.42
2007,,,Eurostat - AEA,5596.17
2008,,,Eurostat - AEA,6010.98
2009,,,Eurostat - AEA,5570.86
2010,,,Eurostat - AEA,5569.04
2011,,,Eurostat - AEA,5389.65
2012,,,Eurostat - AEA,5521.96
2013,,,Eurostat - AEA,5838.17
2014,,,Eurostat - AEA,5842.49
2015,,,Eurostat - AEA,6441.03
2016,,,Eurostat - AEA,6897.28
2017,,,Eurostat - AEA,7350.86
2018,,,Eurostat - AEA,8948.12
2019,,,Eurostat - AEA,7509.19
2020,,,Eurostat - AEA,5579.99
2021,,,Eurostat - AEA,5609.36
2022,,,Eurostat - AEA,6502.13
1995,"A - Landbúnaður, skógrækt og fiskveiðar",,Eurostat - AEA,1463.95
1996,"A - Landbúnaður, skógrækt og fiskveiðar",,Eurostat - AEA,1541.69
1997,"A - Landbúnaður, skógrækt og fiskveiðar",,Eurostat - AEA,1519.37
1998,"A - Landbúnaður, skógrækt og fiskveiðar",,Eurostat - AEA,1509.54
1999,"A - Landbúnaður, skógrækt og fiskveiðar",,Eurostat - AEA,1500.84
2000,"A - Landbúnaður, skógrækt og fiskveiðar",,Eurostat - AEA,1442.4
2001,"A - Landbúnaður, skógrækt og fiskveiðar",,Eurostat - AEA,1354.55
2002,"A - Landbúnaður, skógrækt og fiskveiðar",,Eurostat - AEA,1407.8
2003,"A - Landbúnaður, skógrækt og fiskveiðar",,Eurostat - AEA,1363.26
2004,"A - Landbúnaður, skógrækt og fiskveiðar",,Eurostat - AEA,1332.45
2005,"A - Landbúnaður, skógrækt og fiskveiðar",,Eurostat - AEA,1320.02
2006,"A - Landbúnaður, skógrækt og fiskveiðar",,Eurostat - AEA,1273.2
2007,"A - Landbúnaður, skógrækt og fiskveiðar",,Eurostat - AEA,1305.05
2008,"A - Landbúnaður, skógrækt og fiskveiðar",,Eurostat - AEA,1273.22
2009,"A - Landbúnaður, skógrækt og fiskveiðar",,Eurostat - AEA,1352.96
2010,"A - Landbúnaður, skógrækt og fiskveiðar",,Eurostat - AEA,1296.8
2011,"A - Landbúnaður, skógrækt og fiskveiðar",,Eurostat - AEA,1276.17
2012,"A - Landbúnaður, skógrækt og fiskveiðar",,Eurostat - AEA,1257.32
2013,"A - Landbúnaður, skógrækt og fiskveiðar",,Eurostat - AEA,1251.31
2014,"A - Landbúnaður, skógrækt og fiskveiðar",,Eurostat - AEA,1256.23
2015,"A - Landbúnaður, skógrækt og fiskveiðar",,Eurostat - AEA,1259.42
2016,"A - Landbúnaður, skógrækt og fiskveiðar",,Eurostat - AEA,1237.66
2017,"A - Landbúnaður, skógrækt og fiskveiðar",,Eurostat - AEA,1198.21
2018,"A - Landbúnaður, skógrækt og fiskveiðar",,Eurostat - AEA,1206.86
2019,"A - Landbúnaður, skógrækt og fiskveiðar",,Eurostat - AEA,1198.92
2020,"A - Landbúnaður, skógrækt og fiskveiðar",,Eurostat - AEA,1197.69
2021,"A - Landbúnaður, skógrækt og fiskveiðar",,Eurostat - AEA,1201.29
2022,"A - Landbúnaður, skógrækt og fiskveiðar",,Eurostat - AEA,1198.16
1995,B - Námugröftur og vinnsla hráefna úr jörðu,,Eurostat - AEA,0.47
1996,B - Námugröftur og vinnsla hráefna úr jörðu,,Eurostat - AEA,0.4
1997,B - Námugröftur og vinnsla hráefna úr jörðu,,Eurostat - AEA,0.49
1998,B - Námugröftur og vinnsla hráefna úr jörðu,,Eurostat - AEA,0.5
1999,B - Námugröftur og vinnsla hráefna úr jörðu,,Eurostat - AEA,0.57
2000,B - Námugröftur og vinnsla hráefna úr jörðu,,Eurostat - AEA,0.62
2001,B - Námugröftur og vinnsla hráefna úr jörðu,,Eurostat - AEA,0.63
2002,B - Námugröftur og vinnsla hráefna úr jörðu,,Eurostat - AEA,0.65
2003,B - Námugröftur og vinnsla hráefna úr jörðu,,Eurostat - AEA,0.79
2004,B - Námugröftur og vinnsla hráefna úr jörðu,,Eurostat - AEA,0.87
2005,B - Námugröftur og vinnsla hráefna úr jörðu,,Eurostat - AEA,0.82
2006,B - Námugröftur og vinnsla hráefna úr jörðu,,Eurostat - AEA,1.56
2007,B - Námugröftur og vinnsla hráefna úr jörðu,,Eurostat - AEA,1.17
2008,B - Námugröftur og vinnsla hráefna úr jörðu,,Eurostat - AEA,0.89
2009,B - Námugröftur og vinnsla hráefna úr jörðu,,Eurostat - AEA,1.01
2010,B - Námugröftur og vinnsla hráefna úr jörðu,,Eurostat - AEA,1.22
2011,B - Námugröftur og vinnsla hráefna úr jörðu,,Eurostat - AEA,1.18
2012,B - Námugröftur og vinnsla hráefna úr jörðu,,Eurostat - AEA,1.56
2013,B - Námugröftur og vinnsla hráefna úr jörðu,,Eurostat - AEA,1.31
2014,B - Námugröftur og vinnsla hráefna úr jörðu,,Eurostat - AEA,1.45
2015,B - Námugröftur og vinnsla hráefna úr jörðu,,Eurostat - AEA,1.45
2016,B - Námugröftur og vinnsla hráefna úr jörðu,,Eurostat - AEA,1.89
2017,B - Námugröftur og vinnsla hráefna úr jörðu,,Eurostat - AEA,2.35
2018,B - Námugröftur og vinnsla hráefna úr jörðu,,Eurostat - AEA,2.66
2019,B - Námugröftur og vinnsla hráefna úr jörðu,,Eurostat - AEA,3.21
2020,B - Námugröftur og vinnsla hráefna úr jörðu,,Eurostat - AEA,3.68
2021,B - Námugröftur og vinnsla hráefna úr jörðu,,Eurostat - AEA,4.78
2022,B - Námugröftur og vinnsla hráefna úr jörðu,,Eurostat - AEA,4.84
1995,C - Framleiðsla,,Eurostat - AEA,768.44
1996,C - Framleiðsla,,Eurostat - AEA,779.06
1997,C - Framleiðsla,,Eurostat - AEA,927.45
1998,C - Framleiðsla,,Eurostat - AEA,1025.14
1999,C - Framleiðsla,,Eurostat - AEA,1170.51
2000,C - Framleiðsla,,Eurostat - AEA,1156.16
2001,C - Framleiðsla,,Eurostat - AEA,1194.99
2002,C - Framleiðsla,,Eurostat - AEA,1203.78
2003,C - Framleiðsla,,Eurostat - AEA,1193.04
2004,C - Framleiðsla,,Eurostat - AEA,1176.28
2005,C - Framleiðsla,,Eurostat - AEA,1084.55
2006,C - Framleiðsla,,Eurostat - AEA,1558.5
2007,C - Framleiðsla,,Eurostat - AEA,1671.71
2008,C - Framleiðsla,,Eurostat - AEA,2164.49
2009,C - Framleiðsla,,Eurostat - AEA,1940.89
2010,C - Framleiðsla,,Eurostat - AEA,1932.87
2011,C - Framleiðsla,,Eurostat - AEA,1821.5
2012,C - Framleiðsla,,Eurostat - AEA,1891.0
2013,C - Framleiðsla,,Eurostat - AEA,1905.57
2014,C - Framleiðsla,,Eurostat - AEA,1849.04
2015,C - Framleiðsla,,Eurostat - AEA,1935.9
2016,C - Framleiðsla,,Eurostat - AEA,1906.47
2017,C - Framleiðsla,,Eurostat - AEA,1962.82
2018,C - Framleiðsla,,Eurostat - AEA,1996.68
2019,C - Framleiðsla,,Eurostat - AEA,2079.62
2020,C - Framleiðsla,,Eurostat - AEA,2053.66
2021,C - Framleiðsla,,Eurostat - AEA,2128.38
2022,C - Framleiðsla,,Eurostat - AEA,2108.69
1995,"D - Rafmagns-, gas- og hitaveitur",,Eurostat - AEA,87.99
1996,"D - Rafmagns-, gas- og hitaveitur",,Eurostat - AEA,87.53
1997,"D - Rafmagns-, gas- og hitaveitur",,Eurostat - AEA,71.4
1998,"D - Rafmagns-, gas- og hitaveitur",,Eurostat - AEA,90.67
1999,"D - Rafmagns-, gas- og hitaveitur",,Eurostat - AEA,117.66
2000,"D - Rafmagns-, gas- og hitaveitur",,Eurostat - AEA,159.97
2001,"D - Rafmagns-, gas- og hitaveitur",,Eurostat - AEA,150.07
2002,"D - Rafmagns-, gas- og hitaveitur",,Eurostat - AEA,154.48
2003,"D - Rafmagns-, gas- og hitaveitur",,Eurostat - AEA,142.7
2004,"D - Rafmagns-, gas- og hitaveitur",,Eurostat - AEA,127.56
2005,"D - Rafmagns-, gas- og hitaveitur",,Eurostat - AEA,123.83
2006,"D - Rafmagns-, gas- og hitaveitur",,Eurostat - AEA,137.81
2007,"D - Rafmagns-, gas- og hitaveitur",,Eurostat - AEA,172.18
2008,"D - Rafmagns-, gas- og hitaveitur",,Eurostat - AEA,198.94
2009,"D - Rafmagns-, gas- og hitaveitur",,Eurostat - AEA,180.97
2010,"D - Rafmagns-, gas- og hitaveitur",,Eurostat - AEA,203.15
2011,"D - Rafmagns-, gas- og hitaveitur",,Eurostat - AEA,190.73
2012,"D - Rafmagns-, gas- og hitaveitur",,Eurostat - AEA,185.61
2013,"D - Rafmagns-, gas- og hitaveitur",,Eurostat - AEA,186.07
2014,"D - Rafmagns-, gas- og hitaveitur",,Eurostat - AEA,196.26
2015,"D - Rafmagns-, gas- og hitaveitur",,Eurostat - AEA,175.32
2016,"D - Rafmagns-, gas- og hitaveitur",,Eurostat - AEA,157.96
2017,"D - Rafmagns-, gas- og hitaveitur",,Eurostat - AEA,156.55
2018,"D - Rafmagns-, gas- og hitaveitur",,Eurostat - AEA,167.61
2019,"D - Rafmagns-, gas- og hitaveitur",,Eurostat - AEA,177.78
2020,"D - Rafmagns-, gas- og hitaveitur",,Eurostat - AEA,188.19
2021,"D - Rafmagns-, gas- og hitaveitur",,Eurostat - AEA,187.65
2022,"D - Rafmagns-, gas- og hitaveitur",,Eurostat - AEA,189.41
1995,"E - Vatnsveita, fráveita, meðhöndlun úrgangs og afmengun",,Eurostat - AEA,303.54
1996,"E - Vatnsveita, fráveita, meðhöndlun úrgangs og afmengun",,Eurostat - AEA,318.83
1997,"E - Vatnsveita, fráveita, meðhöndlun úrgangs og afmengun",,Eurostat - AEA,327.69
1998,"E - Vatnsveita, fráveita, meðhöndlun úrgangs og afmengun",,Eurostat - AEA,318.6
1999,"E - Vatnsveita, fráveita, meðhöndlun úrgangs og afmengun",,Eurostat - AEA,326.91
2000,"E - Vatnsveita, fráveita, meðhöndlun úrgangs og afmengun",,Eurostat - AEA,339.59
2001,"E - Vatnsveita, fráveita, meðhöndlun úrgangs og afmengun",,Eurostat - AEA,348.81
2002,"E - Vatnsveita, fráveita, meðhöndlun úrgangs og afmengun",,Eurostat - AEA,362.37
2003,"E - Vatnsveita, fráveita, meðhöndlun úrgangs og afmengun",,Eurostat - AEA,357.82
2004,"E - Vatnsveita, fráveita, meðhöndlun úrgangs og afmengun",,Eurostat - AEA,361.63
2005,"E - Vatnsveita, fráveita, meðhöndlun úrgangs og afmengun",,Eurostat - AEA,346.83
2006,"E - Vatnsveita, fráveita, meðhöndlun úrgangs og afmengun",,Eurostat - AEA,375.68
2007,"E - Vatnsveita, fráveita, meðhöndlun úrgangs og afmengun",,Eurostat - AEA,380.19
2008,"E - Vatnsveita, fráveita, meðhöndlun úrgangs og afmengun",,Eurostat - AEA,358.8
2009,"E - Vatnsveita, fráveita, meðhöndlun úrgangs og afmengun",,Eurostat - AEA,346.82
2010,"E - Vatnsveita, fráveita, meðhöndlun úrgangs og afmengun",,Eurostat - AEA,348.36
2011,"E - Vatnsveita, fráveita, meðhöndlun úrgangs og afmengun",,Eurostat - AEA,331.08
2012,"E - Vatnsveita, fráveita, meðhöndlun úrgangs og afmengun",,Eurostat - AEA,313.17
2013,"E - Vatnsveita, fráveita, meðhöndlun úrgangs og afmengun",,Eurostat - AEA,329.16
2014,"E - Vatnsveita, fráveita, meðhöndlun úrgangs og afmengun",,Eurostat - AEA,312.39
2015,"E - Vatnsveita, fráveita, meðhöndlun úrgangs og afmengun",,Eurostat - AEA,305.29
2016,"E - Vatnsveita, fráveita, meðhöndlun úrgangs og afmengun",,Eurostat - AEA,296.51
2017,"E - Vatnsveita, fráveita, meðhöndlun úrgangs og afmengun",,Eurostat - AEA,296.12
2018,"E - Vatnsveita, fráveita, meðhöndlun úrgangs og afmengun",,Eurostat - AEA,317.44
2019,"E - Vatnsveita, fráveita, meðhöndlun úrgangs og afmengun",,Eurostat - AEA,280.32
2020,"E - Vatnsveita, fráveita, meðhöndlun úrgangs og afmengun",,Eurostat - AEA,311.16
2021,"E - Vatnsveita, fráveita, meðhöndlun úrgangs og afmengun",,Eurostat - AEA,307.77
2022,"E - Vatnsveita, fráveita, meðhöndlun úrgangs og afmengun",,Eurostat - AEA,312.02
1995,F - Byggingastarfsemi og mannvirkjagerð,,Eurostat - AEA,169.98
1996,F - Byggingastarfsemi og mannvirkjagerð,,Eurostat - AEA,162.13
1997,F - Byggingastarfsemi og mannvirkjagerð,,Eurostat - AEA,199.07
1998,F - Byggingastarfsemi og mannvirkjagerð,,Eurostat - AEA,204.66
1999,F - Byggingastarfsemi og mannvirkjagerð,,Eurostat - AEA,230.92
2000,F - Byggingastarfsemi og mannvirkjagerð,,Eurostat - AEA,242.81
2001,F - Byggingastarfsemi og mannvirkjagerð,,Eurostat - AEA,240.99
2002,F - Byggingastarfsemi og mannvirkjagerð,,Eurostat - AEA,231.09
2003,F - Byggingastarfsemi og mannvirkjagerð,,Eurostat - AEA,217.85
2004,F - Byggingastarfsemi og mannvirkjagerð,,Eurostat - AEA,256.16
2005,F - Byggingastarfsemi og mannvirkjagerð,,Eurostat - AEA,276.41
2006,F - Byggingastarfsemi og mannvirkjagerð,,Eurostat - AEA,275.62
2007,F - Byggingastarfsemi og mannvirkjagerð,,Eurostat - AEA,291.8
2008,F - Byggingastarfsemi og mannvirkjagerð,,Eurostat - AEA,276.45
2009,F - Byggingastarfsemi og mannvirkjagerð,,Eurostat - AEA,206.65
2010,F - Byggingastarfsemi og mannvirkjagerð,,Eurostat - AEA,167.33
2011,F - Byggingastarfsemi og mannvirkjagerð,,Eurostat - AEA,146.01
2012,F - Byggingastarfsemi og mannvirkjagerð,,Eurostat - AEA,146.91
2013,F - Byggingastarfsemi og mannvirkjagerð,,Eurostat - AEA,142.85
2014,F - Byggingastarfsemi og mannvirkjagerð,,Eurostat - AEA,162.45
2015,F - Byggingastarfsemi og mannvirkjagerð,,Eurostat - AEA,170.04
2016,F - Byggingastarfsemi og mannvirkjagerð,,Eurostat - AEA,194.98
2017,F - Byggingastarfsemi og mannvirkjagerð,,Eurostat - AEA,212.42
2018,F - Byggingastarfsemi og mannvirkjagerð,,Eurostat - AEA,190.58
2019,F - Byggingastarfsemi og mannvirkjagerð,,Eurostat - AEA,208.39
2020,F - Byggingastarfsemi og mannvirkjagerð,,Eurostat - AEA,137.28
2021,F - Byggingastarfsemi og mannvirkjagerð,,Eurostat - AEA,118.53
2022,F - Byggingastarfsemi og mannvirkjagerð,,Eurostat - AEA,138.76
1995,"G - Heild og smásöluverslun, viðgerðir á vélknúnum ökutækjum",,Eurostat - AEA,35.02
1996,"G - Heild og smásöluverslun, viðgerðir á vélknúnum ökutækjum",,Eurostat - AEA,33.64
1997,"G - Heild og smásöluverslun, viðgerðir á vélknúnum ökutækjum",,Eurostat - AEA,36.71
1998,"G - Heild og smásöluverslun, viðgerðir á vélknúnum ökutækjum",,Eurostat - AEA,38.35
1999,"G - Heild og smásöluverslun, viðgerðir á vélknúnum ökutækjum",,Eurostat - AEA,41.33
2000,"G - Heild og smásöluverslun, viðgerðir á vélknúnum ökutækjum",,Eurostat - AEA,43.1
2001,"G - Heild og smásöluverslun, viðgerðir á vélknúnum ökutækjum",,Eurostat - AEA,43.87
2002,"G - Heild og smásöluverslun, viðgerðir á vélknúnum ökutækjum",,Eurostat - AEA,45.12
2003,"G - Heild og smásöluverslun, viðgerðir á vélknúnum ökutækjum",,Eurostat - AEA,49.77
2004,"G - Heild og smásöluverslun, viðgerðir á vélknúnum ökutækjum",,Eurostat - AEA,53.11
2005,"G - Heild og smásöluverslun, viðgerðir á vélknúnum ökutækjum",,Eurostat - AEA,84.35
2006,"G - Heild og smásöluverslun, viðgerðir á vélknúnum ökutækjum",,Eurostat - AEA,89.65
2007,"G - Heild og smásöluverslun, viðgerðir á vélknúnum ökutækjum",,Eurostat - AEA,83.49
2008,"G - Heild og smásöluverslun, viðgerðir á vélknúnum ökutækjum",,Eurostat - AEA,68.37
2009,"G - Heild og smásöluverslun, viðgerðir á vélknúnum ökutækjum",,Eurostat - AEA,57.27
2010,"G - Heild og smásöluverslun, viðgerðir á vélknúnum ökutækjum",,Eurostat - AEA,48.04
2011,"G - Heild og smásöluverslun, viðgerðir á vélknúnum ökutækjum",,Eurostat - AEA,45.39
2012,"G - Heild og smásöluverslun, viðgerðir á vélknúnum ökutækjum",,Eurostat - AEA,49.0
2013,"G - Heild og smásöluverslun, viðgerðir á vélknúnum ökutækjum",,Eurostat - AEA,49.58
2014,"G - Heild og smásöluverslun, viðgerðir á vélknúnum ökutækjum",,Eurostat - AEA,51.87
2015,"G - Heild og smásöluverslun, viðgerðir á vélknúnum ökutækjum",,Eurostat - AEA,56.52
2016,"G - Heild og smásöluverslun, viðgerðir á vélknúnum ökutækjum",,Eurostat - AEA,67.21
2017,"G - Heild og smásöluverslun, viðgerðir á vélknúnum ökutækjum",,Eurostat - AEA,73.42
2018,"G - Heild og smásöluverslun, viðgerðir á vélknúnum ökutækjum",,Eurostat - AEA,75.4
2019,"G - Heild og smásöluverslun, viðgerðir á vélknúnum ökutækjum",,Eurostat - AEA,80.15
2020,"G - Heild og smásöluverslun, viðgerðir á vélknúnum ökutækjum",,Eurostat - AEA,72.61
2021,"G - Heild og smásöluverslun, viðgerðir á vélknúnum ökutækjum",,Eurostat - AEA,69.19
2022,"G - Heild og smásöluverslun, viðgerðir á vélknúnum ökutækjum",,Eurostat - AEA,74.22
1995,H - Flutningur og geymsla,,Eurostat - AEA,406.89
1996,H - Flutningur og geymsla,,Eurostat - AEA,562.28
1997,H - Flutningur og geymsla,,Eurostat - AEA,597.02
1998,H - Flutningur og geymsla,,Eurostat - AEA,632.88
1999,H - Flutningur og geymsla,,Eurostat - AEA,748.91
2000,H - Flutningur og geymsla,,Eurostat - AEA,843.76
2001,H - Flutningur og geymsla,,Eurostat - AEA,705.64
2002,H - Flutningur og geymsla,,Eurostat - AEA,636.13
2003,H - Flutningur og geymsla,,Eurostat - AEA,904.63
2004,H - Flutningur og geymsla,,Eurostat - AEA,964.46
2005,H - Flutningur og geymsla,,Eurostat - AEA,995.79
2006,H - Flutningur og geymsla,,Eurostat - AEA,1053.84
2007,H - Flutningur og geymsla,,Eurostat - AEA,1068.9
2008,H - Flutningur og geymsla,,Eurostat - AEA,1063.98
2009,H - Flutningur og geymsla,,Eurostat - AEA,851.22
2010,H - Flutningur og geymsla,,Eurostat - AEA,948.36
2011,H - Flutningur og geymsla,,Eurostat - AEA,971.01
2012,H - Flutningur og geymsla,,Eurostat - AEA,1087.62
2013,H - Flutningur og geymsla,,Eurostat - AEA,1389.17
2014,H - Flutningur og geymsla,,Eurostat - AEA,1427.36
2015,H - Flutningur og geymsla,,Eurostat - AEA,1936.88
2016,H - Flutningur og geymsla,,Eurostat - AEA,2407.83
2017,H - Flutningur og geymsla,,Eurostat - AEA,2806.3
2018,H - Flutningur og geymsla,,Eurostat - AEA,4337.69
2019,H - Flutningur og geymsla,,Eurostat - AEA,2845.51
2020,H - Flutningur og geymsla,,Eurostat - AEA,1046.02
2021,H - Flutningur og geymsla,,Eurostat - AEA,997.19
2022,H - Flutningur og geymsla,,Eurostat - AEA,1869.46
1995,I - Rekstur gististaða og veitingarekstur,,Eurostat - AEA,1.94
1996,I - Rekstur gististaða og veitingarekstur,,Eurostat - AEA,1.89
1997,I - Rekstur gististaða og veitingarekstur,,Eurostat - AEA,1.98
1998,I - Rekstur gististaða og veitingarekstur,,Eurostat - AEA,2.04
1999,I - Rekstur gististaða og veitingarekstur,,Eurostat - AEA,2.13
2000,I - Rekstur gististaða og veitingarekstur,,Eurostat - AEA,2.16
2001,I - Rekstur gististaða og veitingarekstur,,Eurostat - AEA,2.18
2002,I - Rekstur gististaða og veitingarekstur,,Eurostat - AEA,2.21
2003,I - Rekstur gististaða og veitingarekstur,,Eurostat - AEA,2.37
2004,I - Rekstur gististaða og veitingarekstur,,Eurostat - AEA,2.49
2005,I - Rekstur gististaða og veitingarekstur,,Eurostat - AEA,1.75
2006,I - Rekstur gististaða og veitingarekstur,,Eurostat - AEA,2.5
2007,I - Rekstur gististaða og veitingarekstur,,Eurostat - AEA,2.27
2008,I - Rekstur gististaða og veitingarekstur,,Eurostat - AEA,2.65
2009,I - Rekstur gististaða og veitingarekstur,,Eurostat - AEA,2.88
2010,I - Rekstur gististaða og veitingarekstur,,Eurostat - AEA,2.97
2011,I - Rekstur gististaða og veitingarekstur,,Eurostat - AEA,2.86
2012,I - Rekstur gististaða og veitingarekstur,,Eurostat - AEA,3.29
2013,I - Rekstur gististaða og veitingarekstur,,Eurostat - AEA,3.51
2014,I - Rekstur gististaða og veitingarekstur,,Eurostat - AEA,3.87
2015,I - Rekstur gististaða og veitingarekstur,,Eurostat - AEA,4.38
2016,I - Rekstur gististaða og veitingarekstur,,Eurostat - AEA,4.79
2017,I - Rekstur gististaða og veitingarekstur,,Eurostat - AEA,5.4
2018,I - Rekstur gististaða og veitingarekstur,,Eurostat - AEA,5.59
2019,I - Rekstur gististaða og veitingarekstur,,Eurostat - AEA,5.81
2020,I - Rekstur gististaða og veitingarekstur,,Eurostat - AEA,4.99
2021,I - Rekstur gististaða og veitingarekstur,,Eurostat - AEA,5.1
2022,I - Rekstur gististaða og veitingarekstur,,Eurostat - AEA,5.4
1995,J - Upplýsingar og fjarskipti,,Eurostat - AEA,2.42
1996,J - Upplýsingar og fjarskipti,,Eurostat - AEA,2.38
1997,J - Upplýsingar og fjarskipti,,Eurostat - AEA,2.47
1998,J - Upplýsingar og fjarskipti,,Eurostat - AEA,2.54
1999,J - Upplýsingar og fjarskipti,,Eurostat - AEA,2.64
2000,J - Upplýsingar og fjarskipti,,Eurostat - AEA,2.67
2001,J - Upplýsingar og fjarskipti,,Eurostat - AEA,2.69
2002,J - Upplýsingar og fjarskipti,,Eurostat - AEA,2.73
2003,J - Upplýsingar og fjarskipti,,Eurostat - AEA,2.9
2004,J - Upplýsingar og fjarskipti,,Eurostat - AEA,3.04
2005,J - Upplýsingar og fjarskipti,,Eurostat - AEA,2.99
2006,J - Upplýsingar og fjarskipti,,Eurostat - AEA,3.87
2007,J - Upplýsingar og fjarskipti,,Eurostat - AEA,3.84
2008,J - Upplýsingar og fjarskipti,,Eurostat - AEA,3.4
2009,J - Upplýsingar og fjarskipti,,Eurostat - AEA,3.3
2010,J - Upplýsingar og fjarskipti,,Eurostat - AEA,3.1
2011,J - Upplýsingar og fjarskipti,,Eurostat - AEA,2.93
2012,J - Upplýsingar og fjarskipti,,Eurostat - AEA,2.96
2013,J - Upplýsingar og fjarskipti,,Eurostat - AEA,3.35
2014,J - Upplýsingar og fjarskipti,,Eurostat - AEA,3.19
2015,J - Upplýsingar og fjarskipti,,Eurostat - AEA,3.05
2016,J - Upplýsingar og fjarskipti,,Eurostat - AEA,3.09
2017,J - Upplýsingar og fjarskipti,,Eurostat - AEA,3.25
2018,J - Upplýsingar og fjarskipti,,Eurostat - AEA,3.57
2019,J - Upplýsingar og fjarskipti,,Eurostat - AEA,3.3
2020,J - Upplýsingar og fjarskipti,,Eurostat - AEA,2.64
2021,J - Upplýsingar og fjarskipti,,Eurostat - AEA,2.85
2022,J - Upplýsingar og fjarskipti,,Eurostat - AEA,3.08
1995,K - Fjármála og vátryggingastarfsemi,,Eurostat - AEA,102.29
1996,K - Fjármála og vátryggingastarfsemi,,Eurostat - AEA,100.76
1997,K - Fjármála og vátryggingastarfsemi,,Eurostat - AEA,104.53
1998,K - Fjármála og vátryggingastarfsemi,,Eurostat - AEA,107.41
1999,K - Fjármála og vátryggingastarfsemi,,Eurostat - AEA,111.38
2000,K - Fjármála og vátryggingastarfsemi,,Eurostat - AEA,111.98
2001,K - Fjármála og vátryggingastarfsemi,,Eurostat - AEA,112.94
2002,K - Fjármála og vátryggingastarfsemi,,Eurostat - AEA,114.4
2003,K - Fjármála og vátryggingastarfsemi,,Eurostat - AEA,120.89
2004,K - Fjármála og vátryggingastarfsemi,,Eurostat - AEA,126.49
2005,K - Fjármála og vátryggingastarfsemi,,Eurostat - AEA,72.37
2006,K - Fjármála og vátryggingastarfsemi,,Eurostat - AEA,142.61
2007,K - Fjármála og vátryggingastarfsemi,,Eurostat - AEA,156.64
2008,K - Fjármála og vátryggingastarfsemi,,Eurostat - AEA,169.59
2009,K - Fjármála og vátryggingastarfsemi,,Eurostat - AEA,166.8
2010,K - Fjármála og vátryggingastarfsemi,,Eurostat - AEA,155.41
2011,K - Fjármála og vátryggingastarfsemi,,Eurostat - AEA,136.16
2012,K - Fjármála og vátryggingastarfsemi,,Eurostat - AEA,114.67
2013,K - Fjármála og vátryggingastarfsemi,,Eurostat - AEA,103.52
2014,K - Fjármála og vátryggingastarfsemi,,Eurostat - AEA,88.81
2015,K - Fjármála og vátryggingastarfsemi,,Eurostat - AEA,77.06
2016,K - Fjármála og vátryggingastarfsemi,,Eurostat - AEA,65.43
2017,K - Fjármála og vátryggingastarfsemi,,Eurostat - AEA,56.65
2018,K - Fjármála og vátryggingastarfsemi,,Eurostat - AEA,48.57
2019,K - Fjármála og vátryggingastarfsemi,,Eurostat - AEA,39.88
2020,K - Fjármála og vátryggingastarfsemi,,Eurostat - AEA,35.28
2021,K - Fjármála og vátryggingastarfsemi,,Eurostat - AEA,30.93
2022,K - Fjármála og vátryggingastarfsemi,,Eurostat - AEA,3.35
1995,L - Fasteignaviðskipti,,Eurostat - AEA,2.43
1996,L - Fasteignaviðskipti,,Eurostat - AEA,2.32
1997,L - Fasteignaviðskipti,,Eurostat - AEA,2.5
1998,L - Fasteignaviðskipti,,Eurostat - AEA,2.56
1999,L - Fasteignaviðskipti,,Eurostat - AEA,2.71
2000,L - Fasteignaviðskipti,,Eurostat - AEA,2.78
2001,L - Fasteignaviðskipti,,Eurostat - AEA,2.81
2002,L - Fasteignaviðskipti,,Eurostat - AEA,2.85
2003,L - Fasteignaviðskipti,,Eurostat - AEA,3.14
2004,L - Fasteignaviðskipti,,Eurostat - AEA,3.33
2005,L - Fasteignaviðskipti,,Eurostat - AEA,3.3
2006,L - Fasteignaviðskipti,,Eurostat - AEA,4.55
2007,L - Fasteignaviðskipti,,Eurostat - AEA,4.86
2008,L - Fasteignaviðskipti,,Eurostat - AEA,3.36
2009,L - Fasteignaviðskipti,,Eurostat - AEA,3.85
2010,L - Fasteignaviðskipti,,Eurostat - AEA,3.53
2011,L - Fasteignaviðskipti,,Eurostat - AEA,3.68
2012,L - Fasteignaviðskipti,,Eurostat - AEA,3.65
2013,L - Fasteignaviðskipti,,Eurostat - AEA,3.52
2014,L - Fasteignaviðskipti,,Eurostat - AEA,4.28
2015,L - Fasteignaviðskipti,,Eurostat - AEA,4.57
2016,L - Fasteignaviðskipti,,Eurostat - AEA,6.1
2017,L - Fasteignaviðskipti,,Eurostat - AEA,6.98
2018,L - Fasteignaviðskipti,,Eurostat - AEA,7.51
2019,L - Fasteignaviðskipti,,Eurostat - AEA,7.1
2020,L - Fasteignaviðskipti,,Eurostat - AEA,6.13
2021,L - Fasteignaviðskipti,,Eurostat - AEA,6.33
2022,L - Fasteignaviðskipti,,Eurostat - AEA,6.46
1995,"M - Sérfræðileg, vísindaleg og tæknileg starfsemi",,Eurostat - AEA,3.73
1996,"M - Sérfræðileg, vísindaleg og tæknileg starfsemi",,Eurostat - AEA,3.61
1997,"M - Sérfræðileg, vísindaleg og tæknileg starfsemi",,Eurostat - AEA,3.82
1998,"M - Sérfræðileg, vísindaleg og tæknileg starfsemi",,Eurostat - AEA,3.93
1999,"M - Sérfræðileg, vísindaleg og tæknileg starfsemi",,Eurostat - AEA,4.12
2000,"M - Sérfræðileg, vísindaleg og tæknileg starfsemi",,Eurostat - AEA,4.19
2001,"M - Sérfræðileg, vísindaleg og tæknileg starfsemi",,Eurostat - AEA,4.23
2002,"M - Sérfræðileg, vísindaleg og tæknileg starfsemi",,Eurostat - AEA,4.29
2003,"M - Sérfræðileg, vísindaleg og tæknileg starfsemi",,Eurostat - AEA,4.64
2004,"M - Sérfræðileg, vísindaleg og tæknileg starfsemi",,Eurostat - AEA,4.9
2005,"M - Sérfræðileg, vísindaleg og tæknileg starfsemi",,Eurostat - AEA,5.42
2006,"M - Sérfræðileg, vísindaleg og tæknileg starfsemi",,Eurostat - AEA,7.55
2007,"M - Sérfræðileg, vísindaleg og tæknileg starfsemi",,Eurostat - AEA,6.38
2008,"M - Sérfræðileg, vísindaleg og tæknileg starfsemi",,Eurostat - AEA,5.46
2009,"M - Sérfræðileg, vísindaleg og tæknileg starfsemi",,Eurostat - AEA,5.43
2010,"M - Sérfræðileg, vísindaleg og tæknileg starfsemi",,Eurostat - AEA,5.07
2011,"M - Sérfræðileg, vísindaleg og tæknileg starfsemi",,Eurostat - AEA,4.57
2012,"M - Sérfræðileg, vísindaleg og tæknileg starfsemi",,Eurostat - AEA,4.82
2013,"M - Sérfræðileg, vísindaleg og tæknileg starfsemi",,Eurostat - AEA,4.72
2014,"M - Sérfræðileg, vísindaleg og tæknileg starfsemi",,Eurostat - AEA,4.77
2015,"M - Sérfræðileg, vísindaleg og tæknileg starfsemi",,Eurostat - AEA,4.95
2016,"M - Sérfræðileg, vísindaleg og tæknileg starfsemi",,Eurostat - AEA,5.42
2017,"M - Sérfræðileg, vísindaleg og tæknileg starfsemi",,Eurostat - AEA,5.63
2018,"M - Sérfræðileg, vísindaleg og tæknileg starfsemi",,Eurostat - AEA,5.97
2019,"M - Sérfræðileg, vísindaleg og tæknileg starfsemi",,Eurostat - AEA,5.39
2020,"M - Sérfræðileg, vísindaleg og tæknileg starfsemi",,Eurostat - AEA,4.83
2021,"M - Sérfræðileg, vísindaleg og tæknileg starfsemi",,Eurostat - AEA,5.63
2022,"M - Sérfræðileg, vísindaleg og tæknileg starfsemi",,Eurostat - AEA,5.19
1995,N - Leigustarfsemi og ýmis sérhæfð þjónusta,,Eurostat - AEA,6.32
1996,N - Leigustarfsemi og ýmis sérhæfð þjónusta,,Eurostat - AEA,5.6
1997,N - Leigustarfsemi og ýmis sérhæfð þjónusta,,Eurostat - AEA,6.53
1998,N - Leigustarfsemi og ýmis sérhæfð þjónusta,,Eurostat - AEA,6.69
1999,N - Leigustarfsemi og ýmis sérhæfð þjónusta,,Eurostat - AEA,7.31
2000,N - Leigustarfsemi og ýmis sérhæfð þjónusta,,Eurostat - AEA,7.78
2001,N - Leigustarfsemi og ýmis sérhæfð þjónusta,,Eurostat - AEA,7.89
2002,N - Leigustarfsemi og ýmis sérhæfð þjónusta,,Eurostat - AEA,8.06
2003,N - Leigustarfsemi og ýmis sérhæfð þjónusta,,Eurostat - AEA,9.48
2004,N - Leigustarfsemi og ýmis sérhæfð þjónusta,,Eurostat - AEA,10.22
2005,N - Leigustarfsemi og ýmis sérhæfð þjónusta,,Eurostat - AEA,7.74
2006,N - Leigustarfsemi og ýmis sérhæfð þjónusta,,Eurostat - AEA,13.54
2007,N - Leigustarfsemi og ýmis sérhæfð þjónusta,,Eurostat - AEA,15.2
2008,N - Leigustarfsemi og ýmis sérhæfð þjónusta,,Eurostat - AEA,15.94
2009,N - Leigustarfsemi og ýmis sérhæfð þjónusta,,Eurostat - AEA,17.03
2010,N - Leigustarfsemi og ýmis sérhæfð þjónusta,,Eurostat - AEA,15.79
2011,N - Leigustarfsemi og ýmis sérhæfð þjónusta,,Eurostat - AEA,14.51
2012,N - Leigustarfsemi og ýmis sérhæfð þjónusta,,Eurostat - AEA,14.66
2013,N - Leigustarfsemi og ýmis sérhæfð þjónusta,,Eurostat - AEA,15.63
2014,N - Leigustarfsemi og ýmis sérhæfð þjónusta,,Eurostat - AEA,17.04
2015,N - Leigustarfsemi og ýmis sérhæfð þjónusta,,Eurostat - AEA,19.19
2016,N - Leigustarfsemi og ýmis sérhæfð þjónusta,,Eurostat - AEA,24.28
2017,N - Leigustarfsemi og ýmis sérhæfð þjónusta,,Eurostat - AEA,28.28
2018,N - Leigustarfsemi og ýmis sérhæfð þjónusta,,Eurostat - AEA,31.32
2019,N - Leigustarfsemi og ýmis sérhæfð þjónusta,,Eurostat - AEA,32.85
2020,N - Leigustarfsemi og ýmis sérhæfð þjónusta,,Eurostat - AEA,29.95
2021,N - Leigustarfsemi og ýmis sérhæfð þjónusta,,Eurostat - AEA,30.4
2022,N - Leigustarfsemi og ýmis sérhæfð þjónusta,,Eurostat - AEA,34.78
1995,O - Opinber stjórnsýsla og varnarmál; almannatryggingar,,Eurostat - AEA,3.13
1996,O - Opinber stjórnsýsla og varnarmál; almannatryggingar,,Eurostat - AEA,2.86
1997,O - Opinber stjórnsýsla og varnarmál; almannatryggingar,,Eurostat - AEA,3.23
1998,O - Opinber stjórnsýsla og varnarmál; almannatryggingar,,Eurostat - AEA,3.31
1999,O - Opinber stjórnsýsla og varnarmál; almannatryggingar,,Eurostat - AEA,3.57
2000,O - Opinber stjórnsýsla og varnarmál; almannatryggingar,,Eurostat - AEA,3.74
2001,O - Opinber stjórnsýsla og varnarmál; almannatryggingar,,Eurostat - AEA,3.79
2002,O - Opinber stjórnsýsla og varnarmál; almannatryggingar,,Eurostat - AEA,3.86
2003,O - Opinber stjórnsýsla og varnarmál; almannatryggingar,,Eurostat - AEA,4.42
2004,O - Opinber stjórnsýsla og varnarmál; almannatryggingar,,Eurostat - AEA,4.74
2005,O - Opinber stjórnsýsla og varnarmál; almannatryggingar,,Eurostat - AEA,4.86
2006,O - Opinber stjórnsýsla og varnarmál; almannatryggingar,,Eurostat - AEA,5.32
2007,O - Opinber stjórnsýsla og varnarmál; almannatryggingar,,Eurostat - AEA,6.02
2008,O - Opinber stjórnsýsla og varnarmál; almannatryggingar,,Eurostat - AEA,5.96
2009,O - Opinber stjórnsýsla og varnarmál; almannatryggingar,,Eurostat - AEA,6.41
2010,O - Opinber stjórnsýsla og varnarmál; almannatryggingar,,Eurostat - AEA,6.25
2011,O - Opinber stjórnsýsla og varnarmál; almannatryggingar,,Eurostat - AEA,5.95
2012,O - Opinber stjórnsýsla og varnarmál; almannatryggingar,,Eurostat - AEA,6.39
2013,O - Opinber stjórnsýsla og varnarmál; almannatryggingar,,Eurostat - AEA,6.3
2014,O - Opinber stjórnsýsla og varnarmál; almannatryggingar,,Eurostat - AEA,6.18
2015,O - Opinber stjórnsýsla og varnarmál; almannatryggingar,,Eurostat - AEA,7.04
2016,O - Opinber stjórnsýsla og varnarmál; almannatryggingar,,Eurostat - AEA,7.29
2017,O - Opinber stjórnsýsla og varnarmál; almannatryggingar,,Eurostat - AEA,7.05
2018,O - Opinber stjórnsýsla og varnarmál; almannatryggingar,,Eurostat - AEA,12.07
2019,O - Opinber stjórnsýsla og varnarmál; almannatryggingar,,Eurostat - AEA,8.66
2020,O - Opinber stjórnsýsla og varnarmál; almannatryggingar,,Eurostat - AEA,7.33
2021,O - Opinber stjórnsýsla og varnarmál; almannatryggingar,,Eurostat - AEA,7.46
2022,O - Opinber stjórnsýsla og varnarmál; almannatryggingar,,Eurostat - AEA,18.34
1995,P - Fræðslustarfsemi,,Eurostat - AEA,0.44
1996,P - Fræðslustarfsemi,,Eurostat - AEA,0.42
1997,P - Fræðslustarfsemi,,Eurostat - AEA,0.45
1998,P - Fræðslustarfsemi,,Eurostat - AEA,0.46
1999,P - Fræðslustarfsemi,,Eurostat - AEA,0.49
2000,P - Fræðslustarfsemi,,Eurostat - AEA,0.5
2001,P - Fræðslustarfsemi,,Eurostat - AEA,0.51
2002,P - Fræðslustarfsemi,,Eurostat - AEA,0.52
2003,P - Fræðslustarfsemi,,Eurostat - AEA,0.57
2004,P - Fræðslustarfsemi,,Eurostat - AEA,0.6
2005,P - Fræðslustarfsemi,,Eurostat - AEA,0.41
2006,P - Fræðslustarfsemi,,Eurostat - AEA,0.54
2007,P - Fræðslustarfsemi,,Eurostat - AEA,0.59
2008,P - Fræðslustarfsemi,,Eurostat - AEA,0.68
2009,P - Fræðslustarfsemi,,Eurostat - AEA,0.8
2010,P - Fræðslustarfsemi,,Eurostat - AEA,1.0
2011,P - Fræðslustarfsemi,,Eurostat - AEA,0.84
2012,P - Fræðslustarfsemi,,Eurostat - AEA,0.93
2013,P - Fræðslustarfsemi,,Eurostat - AEA,0.92
2014,P - Fræðslustarfsemi,,Eurostat - AEA,0.93
2015,P - Fræðslustarfsemi,,Eurostat - AEA,0.88
2016,P - Fræðslustarfsemi,,Eurostat - AEA,1.03
2017,P - Fræðslustarfsemi,,Eurostat - AEA,0.91
2018,P - Fræðslustarfsemi,,Eurostat - AEA,1.16
2019,P - Fræðslustarfsemi,,Eurostat - AEA,1.03
2020,P - Fræðslustarfsemi,,Eurostat - AEA,1.04
2021,P - Fræðslustarfsemi,,Eurostat - AEA,1.33
2022,P - Fræðslustarfsemi,,Eurostat - AEA,1.22
1995,Q - Heilbrigðis og félagsþjónusta,,Eurostat - AEA,1.51
1996,Q - Heilbrigðis og félagsþjónusta,,Eurostat - AEA,1.45
1997,Q - Heilbrigðis og félagsþjónusta,,Eurostat - AEA,1.55
1998,Q - Heilbrigðis og félagsþjónusta,,Eurostat - AEA,1.59
1999,Q - Heilbrigðis og félagsþjónusta,,Eurostat - AEA,1.68
2000,Q - Heilbrigðis og félagsþjónusta,,Eurostat - AEA,1.71
2001,Q - Heilbrigðis og félagsþjónusta,,Eurostat - AEA,1.73
2002,Q - Heilbrigðis og félagsþjónusta,,Eurostat - AEA,1.76
2003,Q - Heilbrigðis og félagsþjónusta,,Eurostat - AEA,1.92
2004,Q - Heilbrigðis og félagsþjónusta,,Eurostat - AEA,2.03
2005,Q - Heilbrigðis og félagsþjónusta,,Eurostat - AEA,1.81
2006,Q - Heilbrigðis og félagsþjónusta,,Eurostat - AEA,2.58
2007,Q - Heilbrigðis og félagsþjónusta,,Eurostat - AEA,2.25
2008,Q - Heilbrigðis og félagsþjónusta,,Eurostat - AEA,2.3
2009,Q - Heilbrigðis og félagsþjónusta,,Eurostat - AEA,2.4
2010,Q - Heilbrigðis og félagsþjónusta,,Eurostat - AEA,2.36
2011,Q - Heilbrigðis og félagsþjónusta,,Eurostat - AEA,2.46
2012,Q - Heilbrigðis og félagsþjónusta,,Eurostat - AEA,2.5
2013,Q - Heilbrigðis og félagsþjónusta,,Eurostat - AEA,2.37
2014,Q - Heilbrigðis og félagsþjónusta,,Eurostat - AEA,2.38
2015,Q - Heilbrigðis og félagsþjónusta,,Eurostat - AEA,2.56
2016,Q - Heilbrigðis og félagsþjónusta,,Eurostat - AEA,2.49
2017,Q - Heilbrigðis og félagsþjónusta,,Eurostat - AEA,2.31
2018,Q - Heilbrigðis og félagsþjónusta,,Eurostat - AEA,2.46
2019,Q - Heilbrigðis og félagsþjónusta,,Eurostat - AEA,2.25
2020,Q - Heilbrigðis og félagsþjónusta,,Eurostat - AEA,2.35
2021,Q - Heilbrigðis og félagsþjónusta,,Eurostat - AEA,2.26
2022,Q - Heilbrigðis og félagsþjónusta,,Eurostat - AEA,2.18
1995,"R - Menningar, íþrjótta og tómstundastarfsemi",,Eurostat - AEA,0.91
1996,"R - Menningar, íþrjótta og tómstundastarfsemi",,Eurostat - AEA,0.88
1997,"R - Menningar, íþrjótta og tómstundastarfsemi",,Eurostat - AEA,0.93
1998,"R - Menningar, íþrjótta og tómstundastarfsemi",,Eurostat - AEA,0.95
1999,"R - Menningar, íþrjótta og tómstundastarfsemi",,Eurostat - AEA,1.0
2000,"R - Menningar, íþrjótta og tómstundastarfsemi",,Eurostat - AEA,1.02
2001,"R - Menningar, íþrjótta og tómstundastarfsemi",,Eurostat - AEA,1.03
2002,"R - Menningar, íþrjótta og tómstundastarfsemi",,Eurostat - AEA,1.04
2003,"R - Menningar, íþrjótta og tómstundastarfsemi",,Eurostat - AEA,3.75
2004,"R - Menningar, íþrjótta og tómstundastarfsemi",,Eurostat - AEA,7.88
2005,"R - Menningar, íþrjótta og tómstundastarfsemi",,Eurostat - AEA,7.02
2006,"R - Menningar, íþrjótta og tómstundastarfsemi",,Eurostat - AEA,3.25
2007,"R - Menningar, íþrjótta og tómstundastarfsemi",,Eurostat - AEA,5.33
2008,"R - Menningar, íþrjótta og tómstundastarfsemi",,Eurostat - AEA,3.53
2009,"R - Menningar, íþrjótta og tómstundastarfsemi",,Eurostat - AEA,5.02
2010,"R - Menningar, íþrjótta og tómstundastarfsemi",,Eurostat - AEA,3.69
2011,"R - Menningar, íþrjótta og tómstundastarfsemi",,Eurostat - AEA,3.73
2012,"R - Menningar, íþrjótta og tómstundastarfsemi",,Eurostat - AEA,4.12
2013,"R - Menningar, íþrjótta og tómstundastarfsemi",,Eurostat - AEA,4.36
2014,"R - Menningar, íþrjótta og tómstundastarfsemi",,Eurostat - AEA,6.42
2015,"R - Menningar, íþrjótta og tómstundastarfsemi",,Eurostat - AEA,3.21
2016,"R - Menningar, íþrjótta og tómstundastarfsemi",,Eurostat - AEA,2.4
2017,"R - Menningar, íþrjótta og tómstundastarfsemi",,Eurostat - AEA,2.23
2018,"R - Menningar, íþrjótta og tómstundastarfsemi",,Eurostat - AEA,2.68
2019,"R - Menningar, íþrjótta og tómstundastarfsemi",,Eurostat - AEA,4.33
2020,"R - Menningar, íþrjótta og tómstundastarfsemi",,Eurostat - AEA,3.64
2021,"R - Menningar, íþrjótta og tómstundastarfsemi",,Eurostat - AEA,2.92
2022,"R - Menningar, íþrjótta og tómstundastarfsemi",,Eurostat - AEA,2.61
1995,S - Félagasamtök og önnur þjónustustarfsemi,,Eurostat - AEA,1.08
1996,S - Félagasamtök og önnur þjónustustarfsemi,,Eurostat - AEA,1.05
1997,S - Félagasamtök og önnur þjónustustarfsemi,,Eurostat - AEA,1.11
1998,S - Félagasamtök og önnur þjónustustarfsemi,,Eurostat - AEA,1.14
1999,S - Félagasamtök og önnur þjónustustarfsemi,,Eurostat - AEA,1.19
2000,S - Félagasamtök og önnur þjónustustarfsemi,,Eurostat - AEA,1.2
2001,S - Félagasamtök og önnur þjónustustarfsemi,,Eurostat - AEA,1.21
2002,S - Félagasamtök og önnur þjónustustarfsemi,,Eurostat - AEA,1.23
2003,S - Félagasamtök og önnur þjónustustarfsemi,,Eurostat - AEA,1.32
2004,S - Félagasamtök og önnur þjónustustarfsemi,,Eurostat - AEA,1.38
2005,S - Félagasamtök og önnur þjónustustarfsemi,,Eurostat - AEA,1.15
2006,S - Félagasamtök og önnur þjónustustarfsemi,,Eurostat - AEA,1.52
2007,S - Félagasamtök og önnur þjónustustarfsemi,,Eurostat - AEA,1.44
2008,S - Félagasamtök og önnur þjónustustarfsemi,,Eurostat - AEA,1.47
2009,S - Félagasamtök og önnur þjónustustarfsemi,,Eurostat - AEA,1.63
2010,S - Félagasamtök og önnur þjónustustarfsemi,,Eurostat - AEA,1.68
2011,S - Félagasamtök og önnur þjónustustarfsemi,,Eurostat - AEA,1.57
2012,S - Félagasamtök og önnur þjónustustarfsemi,,Eurostat - AEA,1.52
2013,S - Félagasamtök og önnur þjónustustarfsemi,,Eurostat - AEA,1.56
2014,S - Félagasamtök og önnur þjónustustarfsemi,,Eurostat - AEA,1.52
2015,S - Félagasamtök og önnur þjónustustarfsemi,,Eurostat - AEA,1.74
2016,S - Félagasamtök og önnur þjónustustarfsemi,,Eurostat - AEA,1.87
2017,S - Félagasamtök og önnur þjónustustarfsemi,,Eurostat - AEA,1.72
2018,S - Félagasamtök og önnur þjónustustarfsemi,,Eurostat - AEA,1.8
2019,S - Félagasamtök og önnur þjónustustarfsemi,,Eurostat - AEA,1.84
2020,S - Félagasamtök og önnur þjónustustarfsemi,,Eurostat - AEA,1.5
2021,S - Félagasamtök og önnur þjónustustarfsemi,,Eurostat - AEA,1.53
2022,S - Félagasamtök og önnur þjónustustarfsemi,,Eurostat - AEA,1.67
1995,U - Starfsemi stofnana og samtaka með úrlendisrétt,,Eurostat - AEA,0.16
1996,U - Starfsemi stofnana og samtaka með úrlendisrétt,,Eurostat - AEA,0.16
1997,U - Starfsemi stofnana og samtaka með úrlendisrétt,,Eurostat - AEA,0.16
1998,U - Starfsemi stofnana og samtaka með úrlendisrétt,,Eurostat - AEA,0.17
1999,U - Starfsemi stofnana og samtaka með úrlendisrétt,,Eurostat - AEA,0.18
2000,U - Starfsemi stofnana og samtaka með úrlendisrétt,,Eurostat - AEA,0.18
2001,U - Starfsemi stofnana og samtaka með úrlendisrétt,,Eurostat - AEA,0.18
2002,U - Starfsemi stofnana og samtaka með úrlendisrétt,,Eurostat - AEA,0.18
2003,U - Starfsemi stofnana og samtaka með úrlendisrétt,,Eurostat - AEA,0.2
2004,U - Starfsemi stofnana og samtaka með úrlendisrétt,,Eurostat - AEA,0.21
2005,U - Starfsemi stofnana og samtaka með úrlendisrétt,,Eurostat - AEA,0.22
2006,U - Starfsemi stofnana og samtaka með úrlendisrétt,,Eurostat - AEA,0.2
2007,U - Starfsemi stofnana og samtaka með úrlendisrétt,,Eurostat - AEA,0.26
2008,U - Starfsemi stofnana og samtaka með úrlendisrétt,,Eurostat - AEA,0.25
2009,U - Starfsemi stofnana og samtaka með úrlendisrétt,,Eurostat - AEA,0.22
2010,U - Starfsemi stofnana og samtaka með úrlendisrétt,,Eurostat - AEA,0.26
2011,U - Starfsemi stofnana og samtaka með úrlendisrétt,,Eurostat - AEA,0.23
2012,U - Starfsemi stofnana og samtaka með úrlendisrétt,,Eurostat - AEA,0.2
2013,U - Starfsemi stofnana og samtaka með úrlendisrétt,,Eurostat - AEA,0.17
2014,U - Starfsemi stofnana og samtaka með úrlendisrétt,,Eurostat - AEA,0.23
2015,U - Starfsemi stofnana og samtaka með úrlendisrétt,,Eurostat - AEA,0.21
2016,U - Starfsemi stofnana og samtaka með úrlendisrétt,,Eurostat - AEA,0.21
2017,U - Starfsemi stofnana og samtaka með úrlendisrétt,,Eurostat - AEA,0.22
2018,U - Starfsemi stofnana og samtaka með úrlendisrétt,,Eurostat - AEA,0.19
2019,U - Starfsemi stofnana og samtaka með úrlendisrétt,,Eurostat - AEA,0.21
2020,U - Starfsemi stofnana og samtaka með úrlendisrétt,,Eurostat - AEA,0.17
2021,U - Starfsemi stofnana og samtaka með úrlendisrétt,,Eurostat - AEA,0.17
2022,U - Starfsemi stofnana og samtaka með úrlendisrétt,,Eurostat - AEA,0.16
1995,Heimili,,Eurostat - AEA,359.41
1996,Heimili,,Eurostat - AEA,365.3
1997,Heimili,,Eurostat - AEA,365.41
1998,Heimili,,Eurostat - AEA,382.09
1999,Heimili,,Eurostat - AEA,394.32
2000,Heimili,,Eurostat - AEA,387.07
2001,Heimili,,Eurostat - AEA,386.28
2002,Heimili,,Eurostat - AEA,388.89
2003,Heimili,,Eurostat - AEA,403.95
2004,Heimili,,Eurostat - AEA,417.02
2005,Heimili,,Eurostat - AEA,467.09
2006,Heimili,,Eurostat - AEA,449.53
2007,Heimili,,Eurostat - AEA,416.59
2008,Heimili,,Eurostat - AEA,391.25
2009,Heimili,,Eurostat - AEA,417.32
2010,Heimili,,Eurostat - AEA,421.78
2011,Heimili,,Eurostat - AEA,427.12
2012,Heimili,,Eurostat - AEA,430.06
2013,Heimili,,Eurostat - AEA,433.23
2014,Heimili,,Eurostat - AEA,445.82
2015,Heimili,,Eurostat - AEA,471.34
2016,Heimili,,Eurostat - AEA,502.39
2017,Heimili,,Eurostat - AEA,522.03
2018,Heimili,,Eurostat - AEA,530.32
2019,Heimili,,Eurostat - AEA,522.61
2020,Heimili,,Eurostat - AEA,469.85
2021,Heimili,,Eurostat - AEA,497.69
2022,Heimili,,Eurostat - AEA,522.13
