Year,Kyn,Atvinnugrein,Value
2008,,,1890
2009,,,1965
2010,,,2070
2011,,,2210
2012,,,2305
2013,,,2470
2014,,,2555
2015,,,2735
2016,,,3015
2017,,,3200
2018,,,3255
2019,,,3370
2020,,,3710
2008,Karl,,2110
2009,Karl,,2160
2010,Karl,,2270
2011,Karl,,2420
2012,Karl,,2520
2013,Karl,,2720
2014,Karl,,2780
2015,Karl,,2990
2016,Karl,,3270
2017,Karl,,3460
2018,Karl,,3490
2019,Karl,,3620
2020,Karl,,3960
2008,Kona,,1670
2009,Kona,,1770
2010,Kona,,1870
2011,Kona,,2000
2012,Kona,,2090
2013,Kona,,2220
2014,Kona,,2330
2015,Kona,,2480
2016,Kona,,2760
2017,Kona,,2940
2018,Kona,,3020
2019,Kona,,3120
2020,Kona,,3460
2008,Karl,Alls - án opinberrar stjórnsýslu (O),2080
2009,Karl,Alls - án opinberrar stjórnsýslu (O),2130
2010,Karl,Alls - án opinberrar stjórnsýslu (O),2240
2011,Karl,Alls - án opinberrar stjórnsýslu (O),2400
2012,Karl,Alls - án opinberrar stjórnsýslu (O),2490
2013,Karl,Alls - án opinberrar stjórnsýslu (O),2700
2014,Karl,Alls - án opinberrar stjórnsýslu (O),2760
2015,Karl,Alls - án opinberrar stjórnsýslu (O),2970
2016,Karl,Alls - án opinberrar stjórnsýslu (O),3230
2017,Karl,Alls - án opinberrar stjórnsýslu (O),3420
2018,Karl,Alls - án opinberrar stjórnsýslu (O),3440
2019,Karl,Alls - án opinberrar stjórnsýslu (O),3570
2020,Karl,Alls - án opinberrar stjórnsýslu (O),3910
2008,Kona,Alls - án opinberrar stjórnsýslu (O),1650
2009,Kona,Alls - án opinberrar stjórnsýslu (O),1750
2010,Kona,Alls - án opinberrar stjórnsýslu (O),1840
2011,Kona,Alls - án opinberrar stjórnsýslu (O),1960
2012,Kona,Alls - án opinberrar stjórnsýslu (O),2050
2013,Kona,Alls - án opinberrar stjórnsýslu (O),2190
2014,Kona,Alls - án opinberrar stjórnsýslu (O),2300
2015,Kona,Alls - án opinberrar stjórnsýslu (O),2450
2016,Kona,Alls - án opinberrar stjórnsýslu (O),2720
2017,Kona,Alls - án opinberrar stjórnsýslu (O),2900
2018,Kona,Alls - án opinberrar stjórnsýslu (O),2960
2019,Kona,Alls - án opinberrar stjórnsýslu (O),3060
2020,Kona,Alls - án opinberrar stjórnsýslu (O),3400
2008,Karl,Almennur vinnumarkaður,2090
2009,Karl,Almennur vinnumarkaður,2150
2010,Karl,Almennur vinnumarkaður,2300
2011,Karl,Almennur vinnumarkaður,2460
2012,Karl,Almennur vinnumarkaður,2570
2013,Karl,Almennur vinnumarkaður,2810
2014,Karl,Almennur vinnumarkaður,2830
2015,Karl,Almennur vinnumarkaður,3040
2016,Karl,Almennur vinnumarkaður,3260
2017,Karl,Almennur vinnumarkaður,3450
2018,Karl,Almennur vinnumarkaður,3450
2019,Karl,Almennur vinnumarkaður,3620
2020,Karl,Almennur vinnumarkaður,4000
2008,Kona,Almennur vinnumarkaður,1620
2009,Kona,Almennur vinnumarkaður,1720
2010,Kona,Almennur vinnumarkaður,1890
2011,Kona,Almennur vinnumarkaður,2030
2012,Kona,Almennur vinnumarkaður,2140
2013,Kona,Almennur vinnumarkaður,2330
2014,Kona,Almennur vinnumarkaður,2370
2015,Kona,Almennur vinnumarkaður,2540
2016,Kona,Almennur vinnumarkaður,2750
2017,Kona,Almennur vinnumarkaður,2930
2018,Kona,Almennur vinnumarkaður,2890
2019,Kona,Almennur vinnumarkaður,3080
2020,Kona,Almennur vinnumarkaður,3480
2008,Karl,Opinberir starfsmenn,2170
2009,Karl,Opinberir starfsmenn,2190
2010,Karl,Opinberir starfsmenn,2200
2011,Karl,Opinberir starfsmenn,2340
2012,Karl,Opinberir starfsmenn,2440
2013,Karl,Opinberir starfsmenn,2500
2014,Karl,Opinberir starfsmenn,2680
2015,Karl,Opinberir starfsmenn,2870
2016,Karl,Opinberir starfsmenn,3300
2017,Karl,Opinberir starfsmenn,3500
2018,Karl,Opinberir starfsmenn,3630
2019,Karl,Opinberir starfsmenn,3660
2020,Karl,Opinberir starfsmenn,3890
2008,Kona,Opinberir starfsmenn,1710
2009,Kona,Opinberir starfsmenn,1790
2010,Kona,Opinberir starfsmenn,1840
2011,Kona,Opinberir starfsmenn,1960
2012,Kona,Opinberir starfsmenn,2040
2013,Kona,Opinberir starfsmenn,2120
2014,Kona,Opinberir starfsmenn,2310
2015,Kona,Opinberir starfsmenn,2450
2016,Kona,Opinberir starfsmenn,2780
2017,Kona,Opinberir starfsmenn,2960
2018,Kona,Opinberir starfsmenn,3130
2019,Kona,Opinberir starfsmenn,3150
2020,Kona,Opinberir starfsmenn,3450
2008,Karl,Opinberir starfsmenn - ríkisstarfsmenn,2400
2009,Karl,Opinberir starfsmenn - ríkisstarfsmenn,2380
2010,Karl,Opinberir starfsmenn - ríkisstarfsmenn,2410
2011,Karl,Opinberir starfsmenn - ríkisstarfsmenn,2590
2012,Karl,Opinberir starfsmenn - ríkisstarfsmenn,2720
2013,Karl,Opinberir starfsmenn - ríkisstarfsmenn,2830
2014,Karl,Opinberir starfsmenn - ríkisstarfsmenn,2970
2015,Karl,Opinberir starfsmenn - ríkisstarfsmenn,3290
2016,Karl,Opinberir starfsmenn - ríkisstarfsmenn,3740
2017,Karl,Opinberir starfsmenn - ríkisstarfsmenn,3920
2018,Karl,Opinberir starfsmenn - ríkisstarfsmenn,4090
2019,Karl,Opinberir starfsmenn - ríkisstarfsmenn,4120
2020,Karl,Opinberir starfsmenn - ríkisstarfsmenn,4350
2008,Kona,Opinberir starfsmenn - ríkisstarfsmenn,1950
2009,Kona,Opinberir starfsmenn - ríkisstarfsmenn,1990
2010,Kona,Opinberir starfsmenn - ríkisstarfsmenn,2030
2011,Kona,Opinberir starfsmenn - ríkisstarfsmenn,2180
2012,Kona,Opinberir starfsmenn - ríkisstarfsmenn,2240
2013,Kona,Opinberir starfsmenn - ríkisstarfsmenn,2360
2014,Kona,Opinberir starfsmenn - ríkisstarfsmenn,2530
2015,Kona,Opinberir starfsmenn - ríkisstarfsmenn,2800
2016,Kona,Opinberir starfsmenn - ríkisstarfsmenn,3130
2017,Kona,Opinberir starfsmenn - ríkisstarfsmenn,3300
2018,Kona,Opinberir starfsmenn - ríkisstarfsmenn,3510
2019,Kona,Opinberir starfsmenn - ríkisstarfsmenn,3540
2020,Kona,Opinberir starfsmenn - ríkisstarfsmenn,3860
2008,Karl,Opinberir starfsmenn - starfsmenn sveitarfélaga,1840
2009,Karl,Opinberir starfsmenn - starfsmenn sveitarfélaga,1920
2010,Karl,Opinberir starfsmenn - starfsmenn sveitarfélaga,1930
2011,Karl,Opinberir starfsmenn - starfsmenn sveitarfélaga,2040
2012,Karl,Opinberir starfsmenn - starfsmenn sveitarfélaga,2130
2013,Karl,Opinberir starfsmenn - starfsmenn sveitarfélaga,2100
2014,Karl,Opinberir starfsmenn - starfsmenn sveitarfélaga,2290
2015,Karl,Opinberir starfsmenn - starfsmenn sveitarfélaga,2400
2016,Karl,Opinberir starfsmenn - starfsmenn sveitarfélaga,2750
2017,Karl,Opinberir starfsmenn - starfsmenn sveitarfélaga,2950
2018,Karl,Opinberir starfsmenn - starfsmenn sveitarfélaga,3040
2019,Karl,Opinberir starfsmenn - starfsmenn sveitarfélaga,3090
2020,Karl,Opinberir starfsmenn - starfsmenn sveitarfélaga,3340
2008,Kona,Opinberir starfsmenn - starfsmenn sveitarfélaga,1570
2009,Kona,Opinberir starfsmenn - starfsmenn sveitarfélaga,1720
2010,Kona,Opinberir starfsmenn - starfsmenn sveitarfélaga,1790
2011,Kona,Opinberir starfsmenn - starfsmenn sveitarfélaga,1890
2012,Kona,Opinberir starfsmenn - starfsmenn sveitarfélaga,1960
2013,Kona,Opinberir starfsmenn - starfsmenn sveitarfélaga,1960
2014,Kona,Opinberir starfsmenn - starfsmenn sveitarfélaga,2120
2015,Kona,Opinberir starfsmenn - starfsmenn sveitarfélaga,2230
2016,Kona,Opinberir starfsmenn - starfsmenn sveitarfélaga,2530
2017,Kona,Opinberir starfsmenn - starfsmenn sveitarfélaga,2700
2018,Kona,Opinberir starfsmenn - starfsmenn sveitarfélaga,2840
2019,Kona,Opinberir starfsmenn - starfsmenn sveitarfélaga,2870
2020,Kona,Opinberir starfsmenn - starfsmenn sveitarfélaga,3170
2008,Karl,Fullvinnandi,2250
2009,Karl,Fullvinnandi,2290
2010,Karl,Fullvinnandi,2420
2011,Karl,Fullvinnandi,2570
2012,Karl,Fullvinnandi,2680
2013,Karl,Fullvinnandi,2900
2014,Karl,Fullvinnandi,3010
2015,Karl,Fullvinnandi,3260
2016,Karl,Fullvinnandi,3550
2017,Karl,Fullvinnandi,3760
2018,Karl,Fullvinnandi,3850
2019,Karl,Fullvinnandi,3980
2020,Karl,Fullvinnandi,4280
2008,Kona,Fullvinnandi,1850
2009,Kona,Fullvinnandi,1930
2010,Kona,Fullvinnandi,2040
2011,Kona,Fullvinnandi,2170
2012,Kona,Fullvinnandi,2280
2013,Kona,Fullvinnandi,2440
2014,Kona,Fullvinnandi,2570
2015,Kona,Fullvinnandi,2790
2016,Kona,Fullvinnandi,3050
2017,Kona,Fullvinnandi,3260
2018,Kona,Fullvinnandi,3370
2019,Kona,Fullvinnandi,3490
2020,Kona,Fullvinnandi,3830
2008,Karl,Hlutastarfsfólk,1580
2009,Karl,Hlutastarfsfólk,1640
2010,Karl,Hlutastarfsfólk,1680
2011,Karl,Hlutastarfsfólk,1830
2012,Karl,Hlutastarfsfólk,1910
2013,Karl,Hlutastarfsfólk,2000
2014,Karl,Hlutastarfsfólk,2120
2015,Karl,Hlutastarfsfólk,2310
2016,Karl,Hlutastarfsfólk,2550
2017,Karl,Hlutastarfsfólk,2660
2018,Karl,Hlutastarfsfólk,2680
2019,Karl,Hlutastarfsfólk,2830
2020,Karl,Hlutastarfsfólk,3150
2008,Kona,Hlutastarfsfólk,1420
2009,Kona,Hlutastarfsfólk,1530
2010,Kona,Hlutastarfsfólk,1600
2011,Kona,Hlutastarfsfólk,1720
2012,Kona,Hlutastarfsfólk,1790
2013,Kona,Hlutastarfsfólk,1890
2014,Kona,Hlutastarfsfólk,2080
2015,Kona,Hlutastarfsfólk,2200
2016,Kona,Hlutastarfsfólk,2480
2017,Kona,Hlutastarfsfólk,2620
2018,Kona,Hlutastarfsfólk,2670
2019,Kona,Hlutastarfsfólk,2740
2020,Kona,Hlutastarfsfólk,3080
2008,Karl,Framleiðsla (C),1950
2009,Karl,Framleiðsla (C),1990
2010,Karl,Framleiðsla (C),2170
2011,Karl,Framleiðsla (C),2340
2012,Karl,Framleiðsla (C),2410
2013,Karl,Framleiðsla (C),2620
2014,Karl,Framleiðsla (C),2580
2015,Karl,Framleiðsla (C),2800
2016,Karl,Framleiðsla (C),2980
2017,Karl,Framleiðsla (C),3180
2018,Karl,Framleiðsla (C),3340
2019,Karl,Framleiðsla (C),3560
2020,Karl,Framleiðsla (C),3850
2008,Kona,Framleiðsla (C),1510
2009,Kona,Framleiðsla (C),1560
2010,Kona,Framleiðsla (C),1660
2011,Kona,Framleiðsla (C),1860
2012,Kona,Framleiðsla (C),1930
2013,Kona,Framleiðsla (C),2120
2014,Kona,Framleiðsla (C),2180
2015,Kona,Framleiðsla (C),2340
2016,Kona,Framleiðsla (C),2540
2017,Kona,Framleiðsla (C),2660
2018,Kona,Framleiðsla (C),2800
2019,Kona,Framleiðsla (C),3100
2020,Kona,Framleiðsla (C),3320
2008,Karl,"Rafmagns-, gas- og hitaveitur (D)",2500
2009,Karl,"Rafmagns-, gas- og hitaveitur (D)",2660
2010,Karl,"Rafmagns-, gas- og hitaveitur (D)",2670
2011,Karl,"Rafmagns-, gas- og hitaveitur (D)",2910
2012,Karl,"Rafmagns-, gas- og hitaveitur (D)",3160
2013,Karl,"Rafmagns-, gas- og hitaveitur (D)",3370
2014,Karl,"Rafmagns-, gas- og hitaveitur (D)",3630
2015,Karl,"Rafmagns-, gas- og hitaveitur (D)",3820
2016,Karl,"Rafmagns-, gas- og hitaveitur (D)",4490
2017,Karl,"Rafmagns-, gas- og hitaveitur (D)",4700
2018,Karl,"Rafmagns-, gas- og hitaveitur (D)",4870
2019,Karl,"Rafmagns-, gas- og hitaveitur (D)",4980
2020,Karl,"Rafmagns-, gas- og hitaveitur (D)",5410
2008,Kona,"Rafmagns-, gas- og hitaveitur (D)",2040
2009,Kona,"Rafmagns-, gas- og hitaveitur (D)",2150
2010,Kona,"Rafmagns-, gas- og hitaveitur (D)",2300
2011,Kona,"Rafmagns-, gas- og hitaveitur (D)",2590
2012,Kona,"Rafmagns-, gas- og hitaveitur (D)",2700
2013,Kona,"Rafmagns-, gas- og hitaveitur (D)",2950
2014,Kona,"Rafmagns-, gas- og hitaveitur (D)",3210
2015,Kona,"Rafmagns-, gas- og hitaveitur (D)",3370
2016,Kona,"Rafmagns-, gas- og hitaveitur (D)",3910
2017,Kona,"Rafmagns-, gas- og hitaveitur (D)",4290
2018,Kona,"Rafmagns-, gas- og hitaveitur (D)",4460
2019,Kona,"Rafmagns-, gas- og hitaveitur (D)",4480
2020,Kona,"Rafmagns-, gas- og hitaveitur (D)",5070
2008,Karl,"Heild- og smásöluverslun, viðgerðir á vélknúnum ökutækjum (G)",1780
2009,Karl,"Heild- og smásöluverslun, viðgerðir á vélknúnum ökutækjum (G)",1860
2010,Karl,"Heild- og smásöluverslun, viðgerðir á vélknúnum ökutækjum (G)",2050
2011,Karl,"Heild- og smásöluverslun, viðgerðir á vélknúnum ökutækjum (G)",2130
2012,Karl,"Heild- og smásöluverslun, viðgerðir á vélknúnum ökutækjum (G)",2210
2013,Karl,"Heild- og smásöluverslun, viðgerðir á vélknúnum ökutækjum (G)",2370
2014,Karl,"Heild- og smásöluverslun, viðgerðir á vélknúnum ökutækjum (G)",2570
2015,Karl,"Heild- og smásöluverslun, viðgerðir á vélknúnum ökutækjum (G)",2830
2016,Karl,"Heild- og smásöluverslun, viðgerðir á vélknúnum ökutækjum (G)",2980
2017,Karl,"Heild- og smásöluverslun, viðgerðir á vélknúnum ökutækjum (G)",3160
2018,Karl,"Heild- og smásöluverslun, viðgerðir á vélknúnum ökutækjum (G)",3240
2019,Karl,"Heild- og smásöluverslun, viðgerðir á vélknúnum ökutækjum (G)",3430
2020,Karl,"Heild- og smásöluverslun, viðgerðir á vélknúnum ökutækjum (G)",3540
2008,Kona,"Heild- og smásöluverslun, viðgerðir á vélknúnum ökutækjum (G)",1380
2009,Kona,"Heild- og smásöluverslun, viðgerðir á vélknúnum ökutækjum (G)",1420
2010,Kona,"Heild- og smásöluverslun, viðgerðir á vélknúnum ökutækjum (G)",1630
2011,Kona,"Heild- og smásöluverslun, viðgerðir á vélknúnum ökutækjum (G)",1720
2012,Kona,"Heild- og smásöluverslun, viðgerðir á vélknúnum ökutækjum (G)",1810
2013,Kona,"Heild- og smásöluverslun, viðgerðir á vélknúnum ökutækjum (G)",1940
2014,Kona,"Heild- og smásöluverslun, viðgerðir á vélknúnum ökutækjum (G)",2100
2015,Kona,"Heild- og smásöluverslun, viðgerðir á vélknúnum ökutækjum (G)",2280
2016,Kona,"Heild- og smásöluverslun, viðgerðir á vélknúnum ökutækjum (G)",2440
2017,Kona,"Heild- og smásöluverslun, viðgerðir á vélknúnum ökutækjum (G)",2620
2018,Kona,"Heild- og smásöluverslun, viðgerðir á vélknúnum ökutækjum (G)",2760
2019,Kona,"Heild- og smásöluverslun, viðgerðir á vélknúnum ökutækjum (G)",2950
2020,Kona,"Heild- og smásöluverslun, viðgerðir á vélknúnum ökutækjum (G)",3130
2008,Karl,Flutningar og geymsla (H),2070
2009,Karl,Flutningar og geymsla (H),2100
2010,Karl,Flutningar og geymsla (H),2210
2011,Karl,Flutningar og geymsla (H),2330
2012,Karl,Flutningar og geymsla (H),2420
2013,Karl,Flutningar og geymsla (H),2700
2014,Karl,Flutningar og geymsla (H),2760
2015,Karl,Flutningar og geymsla (H),2990
2016,Karl,Flutningar og geymsla (H),3280
2017,Karl,Flutningar og geymsla (H),3370
2018,Karl,Flutningar og geymsla (H),3690
2019,Karl,Flutningar og geymsla (H),3840
2020,Karl,Flutningar og geymsla (H),4230
2008,Kona,Flutningar og geymsla (H),1590
2009,Kona,Flutningar og geymsla (H),1680
2010,Kona,Flutningar og geymsla (H),1850
2011,Kona,Flutningar og geymsla (H),1950
2012,Kona,Flutningar og geymsla (H),2050
2013,Kona,Flutningar og geymsla (H),2200
2014,Kona,Flutningar og geymsla (H),2240
2015,Kona,Flutningar og geymsla (H),2420
2016,Kona,Flutningar og geymsla (H),2630
2017,Kona,Flutningar og geymsla (H),2800
2018,Kona,Flutningar og geymsla (H),3060
2019,Kona,Flutningar og geymsla (H),3220
2020,Kona,Flutningar og geymsla (H),3740
2008,Karl,Upplýsingar og fjarskipti (J),2660
2009,Karl,Upplýsingar og fjarskipti (J),2560
2010,Karl,Upplýsingar og fjarskipti (J),2810
2011,Karl,Upplýsingar og fjarskipti (J),2880
2012,Karl,Upplýsingar og fjarskipti (J),3130
2013,Karl,Upplýsingar og fjarskipti (J),3120
2014,Karl,Upplýsingar og fjarskipti (J),3290
2015,Karl,Upplýsingar og fjarskipti (J),3450
2016,Karl,Upplýsingar og fjarskipti (J),3840
2017,Karl,Upplýsingar og fjarskipti (J),3950
2018,Karl,Upplýsingar og fjarskipti (J),4150
2019,Karl,Upplýsingar og fjarskipti (J),4330
2020,Karl,Upplýsingar og fjarskipti (J),4680
2008,Kona,Upplýsingar og fjarskipti (J),2160
2009,Kona,Upplýsingar og fjarskipti (J),2170
2010,Kona,Upplýsingar og fjarskipti (J),2310
2011,Kona,Upplýsingar og fjarskipti (J),2370
2012,Kona,Upplýsingar og fjarskipti (J),2560
2013,Kona,Upplýsingar og fjarskipti (J),2570
2014,Kona,Upplýsingar og fjarskipti (J),2690
2015,Kona,Upplýsingar og fjarskipti (J),2960
2016,Kona,Upplýsingar og fjarskipti (J),3370
2017,Kona,Upplýsingar og fjarskipti (J),3530
2018,Kona,Upplýsingar og fjarskipti (J),3720
2019,Kona,Upplýsingar og fjarskipti (J),3880
2020,Kona,Upplýsingar og fjarskipti (J),4060
2018,Karl,Rekstur gististaða og veitingarekstur (I),2320
2019,Karl,Rekstur gististaða og veitingarekstur (I),2510
2020,Karl,Rekstur gististaða og veitingarekstur (I),2910
2018,Kona,Rekstur gististaða og veitingarekstur (I),2220
2019,Kona,Rekstur gististaða og veitingarekstur (I),2340
2020,Kona,Rekstur gististaða og veitingarekstur (I),2730
2008,Karl,Fjármála- og vátryggingastarfsemi (K),3830
2009,Karl,Fjármála- og vátryggingastarfsemi (K),3680
2010,Karl,Fjármála- og vátryggingastarfsemi (K),3770
2011,Karl,Fjármála- og vátryggingastarfsemi (K),4010
2012,Karl,Fjármála- og vátryggingastarfsemi (K),4470
2013,Karl,Fjármála- og vátryggingastarfsemi (K),4990
2014,Karl,Fjármála- og vátryggingastarfsemi (K),5360
2015,Karl,Fjármála- og vátryggingastarfsemi (K),5550
2016,Karl,Fjármála- og vátryggingastarfsemi (K),6260
2017,Karl,Fjármála- og vátryggingastarfsemi (K),6890
2018,Karl,Fjármála- og vátryggingastarfsemi (K),7040
2019,Karl,Fjármála- og vátryggingastarfsemi (K),7290
2020,Karl,Fjármála- og vátryggingastarfsemi (K),7560
2008,Kona,Fjármála- og vátryggingastarfsemi (K),2190
2009,Kona,Fjármála- og vátryggingastarfsemi (K),2330
2010,Kona,Fjármála- og vátryggingastarfsemi (K),2560
2011,Kona,Fjármála- og vátryggingastarfsemi (K),2650
2012,Kona,Fjármála- og vátryggingastarfsemi (K),2910
2013,Kona,Fjármála- og vátryggingastarfsemi (K),3090
2014,Kona,Fjármála- og vátryggingastarfsemi (K),3280
2015,Kona,Fjármála- og vátryggingastarfsemi (K),3480
2016,Kona,Fjármála- og vátryggingastarfsemi (K),3790
2017,Kona,Fjármála- og vátryggingastarfsemi (K),4180
2018,Kona,Fjármála- og vátryggingastarfsemi (K),4520
2019,Kona,Fjármála- og vátryggingastarfsemi (K),4880
2020,Kona,Fjármála- og vátryggingastarfsemi (K),5170
2008,Karl,Opinber stjórnsýsla og varnarmál; almannatryggingar (O),2360
2009,Karl,Opinber stjórnsýsla og varnarmál; almannatryggingar (O),2390
2010,Karl,Opinber stjórnsýsla og varnarmál; almannatryggingar (O),2410
2011,Karl,Opinber stjórnsýsla og varnarmál; almannatryggingar (O),2590
2012,Karl,Opinber stjórnsýsla og varnarmál; almannatryggingar (O),2710
2013,Karl,Opinber stjórnsýsla og varnarmál; almannatryggingar (O),2840
2014,Karl,Opinber stjórnsýsla og varnarmál; almannatryggingar (O),3030
2015,Karl,Opinber stjórnsýsla og varnarmál; almannatryggingar (O),3160
2016,Karl,Opinber stjórnsýsla og varnarmál; almannatryggingar (O),3750
2017,Karl,Opinber stjórnsýsla og varnarmál; almannatryggingar (O),3910
2018,Karl,Opinber stjórnsýsla og varnarmál; almannatryggingar (O),4130
2019,Karl,Opinber stjórnsýsla og varnarmál; almannatryggingar (O),4220
2020,Karl,Opinber stjórnsýsla og varnarmál; almannatryggingar (O),4500
2008,Kona,Opinber stjórnsýsla og varnarmál; almannatryggingar (O),1970
2009,Kona,Opinber stjórnsýsla og varnarmál; almannatryggingar (O),2020
2010,Kona,Opinber stjórnsýsla og varnarmál; almannatryggingar (O),2060
2011,Kona,Opinber stjórnsýsla og varnarmál; almannatryggingar (O),2250
2012,Kona,Opinber stjórnsýsla og varnarmál; almannatryggingar (O),2380
2013,Kona,Opinber stjórnsýsla og varnarmál; almannatryggingar (O),2520
2014,Kona,Opinber stjórnsýsla og varnarmál; almannatryggingar (O),2730
2015,Kona,Opinber stjórnsýsla og varnarmál; almannatryggingar (O),2890
2016,Kona,Opinber stjórnsýsla og varnarmál; almannatryggingar (O),3340
2017,Kona,Opinber stjórnsýsla og varnarmál; almannatryggingar (O),3530
2018,Kona,Opinber stjórnsýsla og varnarmál; almannatryggingar (O),3770
2019,Kona,Opinber stjórnsýsla og varnarmál; almannatryggingar (O),3830
2020,Kona,Opinber stjórnsýsla og varnarmál; almannatryggingar (O),4140
2008,Karl,Fræðslustarfsemi (P),2020
2009,Karl,Fræðslustarfsemi (P),2030
2010,Karl,Fræðslustarfsemi (P),2030
2011,Karl,Fræðslustarfsemi (P),2160
2012,Karl,Fræðslustarfsemi (P),2230
2013,Karl,Fræðslustarfsemi (P),2300
2014,Karl,Fræðslustarfsemi (P),2500
2015,Karl,Fræðslustarfsemi (P),2640
2016,Karl,Fræðslustarfsemi (P),2930
2017,Karl,Fræðslustarfsemi (P),3150
2018,Karl,Fræðslustarfsemi (P),3240
2019,Karl,Fræðslustarfsemi (P),3250
2020,Karl,Fræðslustarfsemi (P),3450
2008,Kona,Fræðslustarfsemi (P),1580
2009,Kona,Fræðslustarfsemi (P),1680
2010,Kona,Fræðslustarfsemi (P),1700
2011,Kona,Fræðslustarfsemi (P),1820
2012,Kona,Fræðslustarfsemi (P),1900
2013,Kona,Fræðslustarfsemi (P),1960
2014,Kona,Fræðslustarfsemi (P),2170
2015,Kona,Fræðslustarfsemi (P),2290
2016,Kona,Fræðslustarfsemi (P),2560
2017,Kona,Fræðslustarfsemi (P),2750
2018,Kona,Fræðslustarfsemi (P),2890
2019,Kona,Fræðslustarfsemi (P),2900
2020,Kona,Fræðslustarfsemi (P),3160
2008,Karl,Heilbrigðis- og félagsþjónusta (Q),2130
2009,Karl,Heilbrigðis- og félagsþjónusta (Q),2150
2010,Karl,Heilbrigðis- og félagsþjónusta (Q),2130
2011,Karl,Heilbrigðis- og félagsþjónusta (Q),2280
2012,Karl,Heilbrigðis- og félagsþjónusta (Q),2320
2013,Karl,Heilbrigðis- og félagsþjónusta (Q),2370
2014,Karl,Heilbrigðis- og félagsþjónusta (Q),2590
2015,Karl,Heilbrigðis- og félagsþjónusta (Q),2850
2016,Karl,Heilbrigðis- og félagsþjónusta (Q),3250
2017,Karl,Heilbrigðis- og félagsþjónusta (Q),3450
2018,Karl,Heilbrigðis- og félagsþjónusta (Q),3540
2019,Karl,Heilbrigðis- og félagsþjónusta (Q),3510
2020,Karl,Heilbrigðis- og félagsþjónusta (Q),3770
2008,Kona,Heilbrigðis- og félagsþjónusta (Q),1730
2009,Kona,Heilbrigðis- og félagsþjónusta (Q),1800
2010,Kona,Heilbrigðis- og félagsþjónusta (Q),1840
2011,Kona,Heilbrigðis- og félagsþjónusta (Q),1960
2012,Kona,Heilbrigðis- og félagsþjónusta (Q),1990
2013,Kona,Heilbrigðis- og félagsþjónusta (Q),2100
2014,Kona,Heilbrigðis- og félagsþjónusta (Q),2320
2015,Kona,Heilbrigðis- og félagsþjónusta (Q),2500
2016,Kona,Heilbrigðis- og félagsþjónusta (Q),2840
2017,Kona,Heilbrigðis- og félagsþjónusta (Q),3000
2018,Kona,Heilbrigðis- og félagsþjónusta (Q),3170
2019,Kona,Heilbrigðis- og félagsþjónusta (Q),3180
2020,Kona,Heilbrigðis- og félagsþjónusta (Q),3540
2008,Karl,Stjórnendur (1),3960
2009,Karl,Stjórnendur (1),3900
2010,Karl,Stjórnendur (1),3990
2011,Karl,Stjórnendur (1),4250
2012,Karl,Stjórnendur (1),4440
2013,Karl,Stjórnendur (1),4960
2014,Karl,Stjórnendur (1),5160
2015,Karl,Stjórnendur (1),5500
2016,Karl,Stjórnendur (1),6140
2017,Karl,Stjórnendur (1),6610
2018,Karl,Stjórnendur (1),6630
2019,Karl,Stjórnendur (1),6820
2020,Karl,Stjórnendur (1),7130
2008,Kona,Stjórnendur (1),2770
2009,Kona,Stjórnendur (1),2910
2010,Kona,Stjórnendur (1),3030
2011,Kona,Stjórnendur (1),3230
2012,Kona,Stjórnendur (1),3410
2013,Kona,Stjórnendur (1),3660
2014,Kona,Stjórnendur (1),4030
2015,Kona,Stjórnendur (1),4300
2016,Kona,Stjórnendur (1),4850
2017,Kona,Stjórnendur (1),5230
2018,Kona,Stjórnendur (1),5220
2019,Kona,Stjórnendur (1),5460
2020,Kona,Stjórnendur (1),5850
2008,Karl,Sérfræðingar (2),2800
2009,Karl,Sérfræðingar (2),2710
2010,Karl,Sérfræðingar (2),2780
2011,Karl,Sérfræðingar (2),2960
2012,Karl,Sérfræðingar (2),3110
2013,Karl,Sérfræðingar (2),3300
2014,Karl,Sérfræðingar (2),3470
2015,Karl,Sérfræðingar (2),3730
2016,Karl,Sérfræðingar (2),4100
2017,Karl,Sérfræðingar (2),4310
2018,Karl,Sérfræðingar (2),4550
2019,Karl,Sérfræðingar (2),4660
2020,Karl,Sérfræðingar (2),4840
2008,Kona,Sérfræðingar (2),2150
2009,Kona,Sérfræðingar (2),2170
2010,Kona,Sérfræðingar (2),2210
2011,Kona,Sérfræðingar (2),2330
2012,Kona,Sérfræðingar (2),2410
2013,Kona,Sérfræðingar (2),2570
2014,Kona,Sérfræðingar (2),2810
2015,Kona,Sérfræðingar (2),3030
2016,Kona,Sérfræðingar (2),3320
2017,Kona,Sérfræðingar (2),3510
2018,Kona,Sérfræðingar (2),3740
2019,Kona,Sérfræðingar (2),3780
2020,Kona,Sérfræðingar (2),4050
2008,Karl,Tæknar og sérmenntað starfsfólk (3),2430
2009,Karl,Tæknar og sérmenntað starfsfólk (3),2440
2010,Karl,Tæknar og sérmenntað starfsfólk (3),2540
2011,Karl,Tæknar og sérmenntað starfsfólk (3),2770
2012,Karl,Tæknar og sérmenntað starfsfólk (3),2890
2013,Karl,Tæknar og sérmenntað starfsfólk (3),3040
2014,Karl,Tæknar og sérmenntað starfsfólk (3),3230
2015,Karl,Tæknar og sérmenntað starfsfólk (3),3410
2016,Karl,Tæknar og sérmenntað starfsfólk (3),3800
2017,Karl,Tæknar og sérmenntað starfsfólk (3),4110
2018,Karl,Tæknar og sérmenntað starfsfólk (3),4310
2019,Karl,Tæknar og sérmenntað starfsfólk (3),4370
2020,Karl,Tæknar og sérmenntað starfsfólk (3),4520
2008,Kona,Tæknar og sérmenntað starfsfólk (3),1740
2009,Kona,Tæknar og sérmenntað starfsfólk (3),1790
2010,Kona,Tæknar og sérmenntað starfsfólk (3),1880
2011,Kona,Tæknar og sérmenntað starfsfólk (3),2030
2012,Kona,Tæknar og sérmenntað starfsfólk (3),2090
2013,Kona,Tæknar og sérmenntað starfsfólk (3),2210
2014,Kona,Tæknar og sérmenntað starfsfólk (3),2330
2015,Kona,Tæknar og sérmenntað starfsfólk (3),2470
2016,Kona,Tæknar og sérmenntað starfsfólk (3),2750
2017,Kona,Tæknar og sérmenntað starfsfólk (3),2980
2018,Kona,Tæknar og sérmenntað starfsfólk (3),3150
2019,Kona,Tæknar og sérmenntað starfsfólk (3),3250
2020,Kona,Tæknar og sérmenntað starfsfólk (3),3520
2008,Karl,Skrifstofufólk (4),1960
2009,Karl,Skrifstofufólk (4),2000
2010,Karl,Skrifstofufólk (4),2110
2011,Karl,Skrifstofufólk (4),2250
2012,Karl,Skrifstofufólk (4),2370
2013,Karl,Skrifstofufólk (4),2480
2014,Karl,Skrifstofufólk (4),2420
2015,Karl,Skrifstofufólk (4),2500
2016,Karl,Skrifstofufólk (4),2530
2017,Karl,Skrifstofufólk (4),2750
2018,Karl,Skrifstofufólk (4),2890
2019,Karl,Skrifstofufólk (4),2970
2020,Karl,Skrifstofufólk (4),3250
2008,Kona,Skrifstofufólk (4),1620
2009,Kona,Skrifstofufólk (4),1680
2010,Kona,Skrifstofufólk (4),1790
2011,Kona,Skrifstofufólk (4),1870
2012,Kona,Skrifstofufólk (4),2010
2013,Kona,Skrifstofufólk (4),2110
2014,Kona,Skrifstofufólk (4),2200
2015,Kona,Skrifstofufólk (4),2340
2016,Kona,Skrifstofufólk (4),2530
2017,Kona,Skrifstofufólk (4),2730
2018,Kona,Skrifstofufólk (4),2900
2019,Kona,Skrifstofufólk (4),2980
2020,Kona,Skrifstofufólk (4),3250
2008,Karl,"Þjónustu-, sölu- og afgreiðslufólk (5)",1440
2009,Karl,"Þjónustu-, sölu- og afgreiðslufólk (5)",1550
2010,Karl,"Þjónustu-, sölu- og afgreiðslufólk (5)",1660
2011,Karl,"Þjónustu-, sölu- og afgreiðslufólk (5)",1780
2012,Karl,"Þjónustu-, sölu- og afgreiðslufólk (5)",1840
2013,Karl,"Þjónustu-, sölu- og afgreiðslufólk (5)",1960
2014,Karl,"Þjónustu-, sölu- og afgreiðslufólk (5)",2040
2015,Karl,"Þjónustu-, sölu- og afgreiðslufólk (5)",2180
2016,Karl,"Þjónustu-, sölu- og afgreiðslufólk (5)",2450
2017,Karl,"Þjónustu-, sölu- og afgreiðslufólk (5)",2590
2018,Karl,"Þjónustu-, sölu- og afgreiðslufólk (5)",2600
2019,Karl,"Þjónustu-, sölu- og afgreiðslufólk (5)",2730
2020,Karl,"Þjónustu-, sölu- og afgreiðslufólk (5)",3010
2008,Kona,"Þjónustu-, sölu- og afgreiðslufólk (5)",1200
2009,Kona,"Þjónustu-, sölu- og afgreiðslufólk (5)",1310
2010,Kona,"Þjónustu-, sölu- og afgreiðslufólk (5)",1400
2011,Kona,"Þjónustu-, sölu- og afgreiðslufólk (5)",1500
2012,Kona,"Þjónustu-, sölu- og afgreiðslufólk (5)",1580
2013,Kona,"Þjónustu-, sölu- og afgreiðslufólk (5)",1650
2014,Kona,"Þjónustu-, sölu- og afgreiðslufólk (5)",1760
2015,Kona,"Þjónustu-, sölu- og afgreiðslufólk (5)",1860
2016,Kona,"Þjónustu-, sölu- og afgreiðslufólk (5)",2100
2017,Kona,"Þjónustu-, sölu- og afgreiðslufólk (5)",2230
2018,Kona,"Þjónustu-, sölu- og afgreiðslufólk (5)",2290
2019,Kona,"Þjónustu-, sölu- og afgreiðslufólk (5)",2370
2020,Kona,"Þjónustu-, sölu- og afgreiðslufólk (5)",2650
2008,Karl,Iðnaðarmenn og sérhæft iðnverkafólk (7),1840
2009,Karl,Iðnaðarmenn og sérhæft iðnverkafólk (7),1840
2010,Karl,Iðnaðarmenn og sérhæft iðnverkafólk (7),2010
2011,Karl,Iðnaðarmenn og sérhæft iðnverkafólk (7),2200
2012,Karl,Iðnaðarmenn og sérhæft iðnverkafólk (7),2260
2013,Karl,Iðnaðarmenn og sérhæft iðnverkafólk (7),2380
2014,Karl,Iðnaðarmenn og sérhæft iðnverkafólk (7),2450
2015,Karl,Iðnaðarmenn og sérhæft iðnverkafólk (7),2710
2016,Karl,Iðnaðarmenn og sérhæft iðnverkafólk (7),2910
2017,Karl,Iðnaðarmenn og sérhæft iðnverkafólk (7),3130
2018,Karl,Iðnaðarmenn og sérhæft iðnverkafólk (7),3290
2019,Karl,Iðnaðarmenn og sérhæft iðnverkafólk (7),3370
2020,Karl,Iðnaðarmenn og sérhæft iðnverkafólk (7),3710
2008,Kona,Iðnaðarmenn og sérhæft iðnverkafólk (7),1300
2009,Kona,Iðnaðarmenn og sérhæft iðnverkafólk (7),1320
2010,Kona,Iðnaðarmenn og sérhæft iðnverkafólk (7),1520
2011,Kona,Iðnaðarmenn og sérhæft iðnverkafólk (7),1760
2012,Kona,Iðnaðarmenn og sérhæft iðnverkafólk (7),1500
2013,Kona,Iðnaðarmenn og sérhæft iðnverkafólk (7),1750
2014,Kona,Iðnaðarmenn og sérhæft iðnverkafólk (7),1860
2015,Kona,Iðnaðarmenn og sérhæft iðnverkafólk (7),2060
2016,Kona,Iðnaðarmenn og sérhæft iðnverkafólk (7),2310
2017,Kona,Iðnaðarmenn og sérhæft iðnverkafólk (7),2470
2018,Kona,Iðnaðarmenn og sérhæft iðnverkafólk (7),2500
2019,Kona,Iðnaðarmenn og sérhæft iðnverkafólk (7),2660
2020,Kona,Iðnaðarmenn og sérhæft iðnverkafólk (7),2850
2008,Karl,Véla- og vélgæslufólk (8),1650
2009,Karl,Véla- og vélgæslufólk (8),1720
2010,Karl,Véla- og vélgæslufólk (8),1860
2011,Karl,Véla- og vélgæslufólk (8),2040
2012,Karl,Véla- og vélgæslufólk (8),2080
2013,Karl,Véla- og vélgæslufólk (8),2200
2014,Karl,Véla- og vélgæslufólk (8),2180
2015,Karl,Véla- og vélgæslufólk (8),2410
2016,Karl,Véla- og vélgæslufólk (8),2580
2017,Karl,Véla- og vélgæslufólk (8),2760
2018,Karl,Véla- og vélgæslufólk (8),2760
2008,Kona,Véla- og vélgæslufólk (8),1500
2009,Kona,Véla- og vélgæslufólk (8),1600
2010,Kona,Véla- og vélgæslufólk (8),1760
2011,Kona,Véla- og vélgæslufólk (8),1880
2012,Kona,Véla- og vélgæslufólk (8),2000
2013,Kona,Véla- og vélgæslufólk (8),2190
2014,Kona,Véla- og vélgæslufólk (8),2040
2015,Kona,Véla- og vélgæslufólk (8),2240
2016,Kona,Véla- og vélgæslufólk (8),2370
2017,Kona,Véla- og vélgæslufólk (8),2500
2018,Kona,Véla- og vélgæslufólk (8),2560
2008,Karl,Ósérhæft starfsfólk (9),1350
2009,Karl,Ósérhæft starfsfólk (9),1390
2010,Karl,Ósérhæft starfsfólk (9),1490
2011,Karl,Ósérhæft starfsfólk (9),1580
2012,Karl,Ósérhæft starfsfólk (9),1710
2013,Karl,Ósérhæft starfsfólk (9),1740
2014,Karl,Ósérhæft starfsfólk (9),1860
2015,Karl,Ósérhæft starfsfólk (9),2010
2016,Karl,Ósérhæft starfsfólk (9),2200
2017,Karl,Ósérhæft starfsfólk (9),2330
2018,Karl,Ósérhæft starfsfólk (9),2350
2019,Karl,Ósérhæft starfsfólk (9),2480
2020,Karl,Ósérhæft starfsfólk (9),2760
2008,Kona,Ósérhæft starfsfólk (9),1140
2009,Kona,Ósérhæft starfsfólk (9),1230
2010,Kona,Ósérhæft starfsfólk (9),1320
2011,Kona,Ósérhæft starfsfólk (9),1400
2012,Kona,Ósérhæft starfsfólk (9),1510
2013,Kona,Ósérhæft starfsfólk (9),1570
2014,Kona,Ósérhæft starfsfólk (9),1700
2015,Kona,Ósérhæft starfsfólk (9),1790
2016,Kona,Ósérhæft starfsfólk (9),2040
2017,Kona,Ósérhæft starfsfólk (9),2130
2018,Kona,Ósérhæft starfsfólk (9),2140
2019,Kona,Ósérhæft starfsfólk (9),2260
2020,Kona,Ósérhæft starfsfólk (9),2540
2008,Karl,Verkafólk,1480
2009,Karl,Verkafólk,1520
2010,Karl,Verkafólk,1650
2011,Karl,Verkafólk,1810
2012,Karl,Verkafólk,1850
2013,Karl,Verkafólk,1950
2014,Karl,Verkafólk,2020
2015,Karl,Verkafólk,2200
2016,Karl,Verkafólk,2400
2017,Karl,Verkafólk,2560
2018,Karl,Verkafólk,2590
2019,Karl,Verkafólk,2750
2020,Karl,Verkafólk,3030
2008,Kona,Verkafólk,1190
2009,Kona,Verkafólk,1270
2010,Kona,Verkafólk,1380
2011,Kona,Verkafólk,1510
2012,Kona,Verkafólk,1530
2013,Kona,Verkafólk,1660
2014,Kona,Verkafólk,1750
2015,Kona,Verkafólk,1900
2016,Kona,Verkafólk,2140
2017,Kona,Verkafólk,2260
2018,Kona,Verkafólk,2250
2019,Kona,Verkafólk,2390
2020,Kona,Verkafólk,2660
